Classification	TargetSeq	BarCode	GeneName	ProbeID	Species	Accession	Comments	ProbeCorrectionFactor
7	UAGCUUAUCAGACUGAUGUUGA	YRBYRG	hsa-miR-21-5p	nmiR03112.1:1	Hs	MIMAT0000076	HUMAN ENDOGENOUS	0.017
7	UGAGGUAGUAGGUUGUAUAGUU	YGBGBR	hsa-let-7a-5p	nmiR03113.1:1	Hs	MIMAT0000062	HUMAN ENDOGENOUS	0
7	UGAGGUAGUAGGUUGUGUGGUU	RBGBYG	hsa-let-7b-5p	nmiR03114.1:1	Hs	MIMAT0000063	HUMAN ENDOGENOUS	0
7	UGAGGUAGUAGGUUGUAUGGUU	BGBRBG	hsa-let-7c	nmiR03115.1:1	Hs	MIMAT0000064	HUMAN ENDOGENOUS	0
7	AGAGGUAGUAGGUUGCAUAGUU	BRYRYB	hsa-let-7d-5p	nmiR03116.1:1	Hs	MIMAT0000065	HUMAN ENDOGENOUS	0
7	UGAGGUAGGAGGUUGUAUAGUU	BYBYGR	hsa-let-7e-5p	nmiR03117.1:1	Hs	MIMAT0000066	HUMAN ENDOGENOUS	0
7	UGAGGUAGUAGAUUGUAUAGUU	BRBGRB	hsa-let-7f-5p	nmiR03118.1:1	Hs	MIMAT0000067	HUMAN ENDOGENOUS	0
7	UGAGGUAGUAGUUUGUACAGUU	BRGBGR	hsa-let-7g-5p	nmiR03119.1:1	Hs	MIMAT0000414	HUMAN ENDOGENOUS	0
7	UGAGGUAGUAGUUUGUGCUGUU	GRYBYB	hsa-let-7i-5p	nmiR03120.1:1	Hs	MIMAT0000415	HUMAN ENDOGENOUS	0
7	ACAGGUGAGGUUCUUGGGAGCC	YBRGYG	hsa-miR-125a-3p	nmiR03121.1:1	Hs	MIMAT0004602	HUMAN ENDOGENOUS	0
7	UGGAAUGUAAAGAAGUAUGUAU	BGYRGB	hsa-miR-1	nmiR03122.1:1	Hs	MIMAT0000416	HUMAN ENDOGENOUS	0
7	UGGAAGACUAGUGAUUUUGUUGU	BRGBRY	hsa-miR-7-5p	nmiR03123.1:1	Hs	MIMAT0000252	HUMAN ENDOGENOUS	0
7	UCUUUGGUUAUCUAGCUGUAUGA	GYRBYB	hsa-miR-9-5p	nmiR03124.1:1	Hs	MIMAT0000441	HUMAN ENDOGENOUS	0
7	UACCCUGUAGAUCCGAAUUUGUG	YGYRYB	hsa-miR-10a-5p	nmiR03125.1:1	Hs	MIMAT0000253	HUMAN ENDOGENOUS	0
7	UACCCUGUAGAACCGAAUUUGUG	YRYGBY	hsa-miR-10b-5p	nmiR03126.1:1	Hs	MIMAT0000254	HUMAN ENDOGENOUS	0
7	UCCCUGAGACCCUAACUUGUGA	RGBYRY	hsa-miR-125b-5p	nmiR03127.1:1	Hs	MIMAT0000423	HUMAN ENDOGENOUS	0.011
7	UGAGAUGAAGCACUGUAGCUC	RGYBRG	hsa-miR-143-3p	nmiR03128.1:1	Hs	MIMAT0000435	HUMAN ENDOGENOUS	0.007
7	UAGCAGCACAUAAUGGUUUGUG	BGRGBG	hsa-miR-15a-5p	nmiR03129.1:1	Hs	MIMAT0000068	HUMAN ENDOGENOUS	0
7	UCAGUGCAUCACAGAACUUUGU	GRGRBR	hsa-miR-148b-3p	nmiR03130.1:1	Hs	MIMAT0000759	HUMAN ENDOGENOUS	0
7	UAGCAGCACAUCAUGGUUUACA	YBYRGB	hsa-miR-15b-5p	nmiR03131.1:1	Hs	MIMAT0000417	HUMAN ENDOGENOUS	0
7	UAGCAGCACGUAAAUAUUGGCG	YBGRBR	hsa-miR-16-5p	nmiR03132.1:1	Hs	MIMAT0000069	HUMAN ENDOGENOUS	0
7	UAAGGUGCAUCUAGUGCAGAUAG	RBRBYR	hsa-miR-18a-5p	nmiR03133.1:1	Hs	MIMAT0000072	HUMAN ENDOGENOUS	0
7	UAAGGUGCAUCUAGUGCAGUUAG	RYRBRG	hsa-miR-18b-5p	nmiR03134.1:1	Hs	MIMAT0001412	HUMAN ENDOGENOUS	0
7	UUAAUGCUAAUCGUGAUAGGGGU	BRBRYG	hsa-miR-155-5p	nmiR03135.1:1	Hs	MIMAT0000646	HUMAN ENDOGENOUS	0.005
7	UGUGCAAAUCUAUGCAAAACUGA	BYGYRY	hsa-miR-19a-3p	nmiR03136.1:1	Hs	MIMAT0000073	HUMAN ENDOGENOUS	0
7	CUGACCUAUGAAUUGACAGCC	BGYBYR	hsa-miR-192-5p	nmiR03137.1:1	Hs	MIMAT0000222	HUMAN ENDOGENOUS	0
7	UGUGCAAAUCCAUGCAAAACUGA	GRBRGR	hsa-miR-19b-3p	nmiR03138.1:1	Hs	MIMAT0000074	HUMAN ENDOGENOUS	0
7	UAAAGUGCUUAUAGUGCAGGUAG	GRGRGY	hsa-miR-20a-5p+hsa-miR-20b-5p	nmiR03139.1:1	Hs	MIMAT0000075	HUMAN ENDOGENOUS	0
7	AAGCUGCCAGUUGAAGAACUGU	RYBRBG	hsa-miR-22-3p	nmiR03140.1:1	Hs	MIMAT0000077	HUMAN ENDOGENOUS	0
7	AUCACAUUGCCAGGGAUUUCC	RBGBGR	hsa-miR-23a-3p	nmiR03141.1:1	Hs	MIMAT0000078	HUMAN ENDOGENOUS	0
7	AUCACAUUGCCAGGGAUUACC	RBRBGY	hsa-miR-23b-3p	nmiR03142.1:1	Hs	MIMAT0000418	HUMAN ENDOGENOUS	0
7	AUCACAUUGCCAGUGAUUACCC	GBYGYG	hsa-miR-23c	nmiR03143.1:1	Hs	MIMAT0018000	HUMAN ENDOGENOUS	0
7	UGGCUCAGUUCAGCAGGAACAG	YBGYBY	hsa-miR-24-3p	nmiR03144.1:1	Hs	MIMAT0000080	HUMAN ENDOGENOUS	0
7	CAUUGCACUUGUCUCGGUCUGA	RGRYRB	hsa-miR-25-3p	nmiR03145.1:1	Hs	MIMAT0000081	HUMAN ENDOGENOUS	0
7	UUCAAGUAAUCCAGGAUAGGCU	RBYGRG	hsa-miR-26a-5p	nmiR03146.1:1	Hs	MIMAT0000082	HUMAN ENDOGENOUS	0
7	UUCAAGUAAUUCAGGAUAGGU	RGYGYR	hsa-miR-26b-5p	nmiR03147.1:1	Hs	MIMAT0000083	HUMAN ENDOGENOUS	0
7	UUCACAGUGGCUAAGUUCCGC	RBGBRY	hsa-miR-27a-3p	nmiR03148.1:1	Hs	MIMAT0000084	HUMAN ENDOGENOUS	0
7	UUCACAGUGGCUAAGUUCUGC	BGBYBR	hsa-miR-27b-3p	nmiR03149.1:1	Hs	MIMAT0000419	HUMAN ENDOGENOUS	0
7	CACUAGAUUGUGAGCUCCUGGA	BGRGRB	hsa-miR-28-3p	nmiR03150.1:1	Hs	MIMAT0004502	HUMAN ENDOGENOUS	0
7	AAGGAGCUCACAGUCUAUUGAG	GRBYGY	hsa-miR-28-5p	nmiR03151.1:1	Hs	MIMAT0000085	HUMAN ENDOGENOUS	0
7	UAGCACCAUCUGAAAUCGGUUA	GRGYBG	hsa-miR-29a-3p	nmiR03152.1:1	Hs	MIMAT0000086	HUMAN ENDOGENOUS	0
7	UAGCACCAUUUGAAAUCAGUGUU	YRYGRB	hsa-miR-29b-3p	nmiR03153.1:1	Hs	MIMAT0000100	HUMAN ENDOGENOUS	0
7	AAUUGCACUUUAGCAAUGGUGA	BRGRYR	hsa-miR-367-3p	nmiR03154.1:1	Hs	MIMAT0000719	HUMAN ENDOGENOUS	0
7	UAGCACCAUUUGAAAUCGGUUA	BGBYGY	hsa-miR-29c-3p	nmiR03155.1:1	Hs	MIMAT0000681	HUMAN ENDOGENOUS	0
7	UGUAAACAUCCUCGACUGGAAG	YRGBGB	hsa-miR-30a-5p	nmiR03156.1:1	Hs	MIMAT0000087	HUMAN ENDOGENOUS	0
7	UGUAAACAUCCUACACUCAGCU	GBGBYR	hsa-miR-30b-5p	nmiR03157.1:1	Hs	MIMAT0000420	HUMAN ENDOGENOUS	0
7	UGUAAACAUCCUACACUCUCAGC	GYGBRG	hsa-miR-30c-5p	nmiR03158.1:1	Hs	MIMAT0000244	HUMAN ENDOGENOUS	0
7	UGUAAACAUCCCCGACUGGAAG	YGRGYR	hsa-miR-30d-5p	nmiR03159.1:1	Hs	MIMAT0000245	HUMAN ENDOGENOUS	0
7	UGUAAACAUCCUUGACUGGAAG	RBGRYB	hsa-miR-30e-5p	nmiR03160.1:1	Hs	MIMAT0000692	HUMAN ENDOGENOUS	0
7	AGGCAAGAUGCUGGCAUAGCU	RGRBYG	hsa-miR-31-5p	nmiR03161.1:1	Hs	MIMAT0000089	HUMAN ENDOGENOUS	0
7	UAUUGCACAUUACUAAGUUGCA	BRGRBG	hsa-miR-32-5p	nmiR03162.1:1	Hs	MIMAT0000090	HUMAN ENDOGENOUS	0
7	GUGCAUUGUAGUUGCAUUGCA	BRYBYG	hsa-miR-33a-5p	nmiR03163.1:1	Hs	MIMAT0000091	HUMAN ENDOGENOUS	0
7	GUGCAUUGCUGUUGCAUUGC	GYBRYR	hsa-miR-33b-5p	nmiR03164.1:1	Hs	MIMAT0003301	HUMAN ENDOGENOUS	0
7	UGGCAGUGUCUUAGCUGGUUGU	GBYGBR	hsa-miR-34a-5p	nmiR03165.1:1	Hs	MIMAT0000255	HUMAN ENDOGENOUS	0
7	CAAUCACUAACUCCACUGCCAU	RYBYBR	hsa-miR-34b-3p	nmiR03166.1:1	Hs	MIMAT0004676	HUMAN ENDOGENOUS	0
7	AAUCACUAACCACACGGCCAGG	BRBRGB	hsa-miR-34c-3p	nmiR03167.1:1	Hs	MIMAT0004677	HUMAN ENDOGENOUS	0
7	AGGCAGUGUAGUUAGCUGAUUGC	GRBYRB	hsa-miR-34c-5p	nmiR03168.1:1	Hs	MIMAT0000686	HUMAN ENDOGENOUS	0
7	UAUUGCACUUGUCCCGGCCUGU	YRBRYB	hsa-miR-92a-3p	nmiR03169.1:1	Hs	MIMAT0000092	HUMAN ENDOGENOUS	0
7	UAACGGCCGCGGUACCCUAA	YRYRYR	hsa-miR-4485	nmiR03170.1:1	Hs	MIMAT0019019	HUMAN ENDOGENOUS	0
7	UAUUGCACUCGUCCCGGCCUCC	RYBYGY	hsa-miR-92b-3p	nmiR03171.1:1	Hs	MIMAT0003218	HUMAN ENDOGENOUS	0
7	CAAAGUGCUGUUCGUGCAGGUAG	RGYGRB	hsa-miR-93-5p	nmiR03172.1:1	Hs	MIMAT0000093	HUMAN ENDOGENOUS	0
7	UUCAACGGGUAUUUAUUGAGCA	BGBYRB	hsa-miR-95	nmiR03173.1:1	Hs	MIMAT0000094	HUMAN ENDOGENOUS	0
7	UUUGGCACUAGCACAUUUUUGCU	GBYGRB	hsa-miR-96-5p	nmiR03174.1:1	Hs	MIMAT0000095	HUMAN ENDOGENOUS	0
7	UGAGGUAGUAAGUUGUAUUGUU	YGBRGB	hsa-miR-98	nmiR03175.1:1	Hs	MIMAT0000096	HUMAN ENDOGENOUS	0
7	AUCACACAAAGGCAACUUUUGU	YBRYGB	hsa-miR-377-3p	nmiR03176.1:1	Hs	MIMAT0000730	HUMAN ENDOGENOUS	0
7	AACCCGUAGAUCCGAUCUUGUG	YRGBRG	hsa-miR-99a-5p	nmiR03177.1:1	Hs	MIMAT0000097	HUMAN ENDOGENOUS	0
7	CACCCGUAGAACCGACCUUGCG	RBYRBR	hsa-miR-99b-5p	nmiR03178.1:1	Hs	MIMAT0000689	HUMAN ENDOGENOUS	0
7	ACUGGACUUGGAGUCAGAAGG	BRGYBY	hsa-miR-378a-3p+hsa-miR-378i	nmiR03179.1:1	Hs	MIMAT0000732	HUMAN ENDOGENOUS	0
7	AACCCGUAGAUCCGAACUUGUG	BGYGYG	hsa-miR-100-5p	nmiR03180.1:1	Hs	MIMAT0000098	HUMAN ENDOGENOUS	0
7	UACAGUACUGUGAUAACUGAA	GRBGYB	hsa-miR-101-3p	nmiR03181.1:1	Hs	MIMAT0000099	HUMAN ENDOGENOUS	0
7	AGCAGCAUUGUACAGGGCUAUGA	YBYGYB	hsa-miR-103a-3p	nmiR03182.1:1	Hs	MIMAT0000101	HUMAN ENDOGENOUS	0
7	UCAAAUGCUCAGACUCCUGUGGU	RBYRGY	hsa-miR-105-5p	nmiR03183.1:1	Hs	MIMAT0000102	HUMAN ENDOGENOUS	0
7	AAAAGUGCUUACAGUGCAGGUAG	RGRBGR	hsa-miR-106a-5p+hsa-miR-17-5p	nmiR03184.1:1	Hs	MIMAT0000103	HUMAN ENDOGENOUS	0
7	UAAAGUGCUGACAGUGCAGAU	BYRBGB	hsa-miR-106b-5p	nmiR03185.1:1	Hs	MIMAT0000680	HUMAN ENDOGENOUS	0
7	AGCAGCAUUGUACAGGGCUAUCA	GYGRBG	hsa-miR-107	nmiR03186.1:1	Hs	MIMAT0000104	HUMAN ENDOGENOUS	0
7	UGGAGUGUGACAAUGGUGUUUG	YRGRYG	hsa-miR-122-5p	nmiR03187.1:1	Hs	MIMAT0000421	HUMAN ENDOGENOUS	0
7	UAAGGCACGCGGUGAAUGCC	RGBGRG	hsa-miR-124-3p	nmiR03188.1:1	Hs	MIMAT0000422	HUMAN ENDOGENOUS	0
7	UCCCUGAGACCCUUUAACCUGUGA	YGYBGR	hsa-miR-125a-5p	nmiR03189.1:1	Hs	MIMAT0000443	HUMAN ENDOGENOUS	0
7	ACUGGACUUAGGGUCAGAAGGC	RBRGBG	hsa-miR-422a	nmiR03190.1:1	Hs	MIMAT0001339	HUMAN ENDOGENOUS	0
7	UCGUACCGUGAGUAAUAAUGCG	GYBYBG	hsa-miR-126-3p	nmiR03191.1:1	Hs	MIMAT0000445	HUMAN ENDOGENOUS	0
7	UCGGAUCCGUCUGAGCUUGGCU	GYRGBG	hsa-miR-127-3p	nmiR03192.1:1	Hs	MIMAT0000446	HUMAN ENDOGENOUS	0
7	CUGAAGCUCAGAGGGCUCUGAU	BRBYRY	hsa-miR-127-5p	nmiR03193.1:1	Hs	MIMAT0004604	HUMAN ENDOGENOUS	0
7	UCACAGUGAACCGGUCUCUUU	BGBGBY	hsa-miR-128	nmiR03194.1:1	Hs	MIMAT0000424	HUMAN ENDOGENOUS	0
7	AAGCCCUUACCCCAAAAAGCAU	BGYGBR	hsa-miR-129-2-3p	nmiR03195.1:1	Hs	MIMAT0004605	HUMAN ENDOGENOUS	0
7	CUUUUUGCGGUCUGGGCUUGC	YGBYGR	hsa-miR-129-5p	nmiR03196.1:1	Hs	MIMAT0000242	HUMAN ENDOGENOUS	0
7	CAGUGCAAUGUUAAAAGGGCAU	YBRBYB	hsa-miR-130a-3p	nmiR03197.1:1	Hs	MIMAT0000425	HUMAN ENDOGENOUS	0
7	CAGUGCAAUGAUGAAAGGGCAU	RBRGRY	hsa-miR-130b-3p	nmiR03198.1:1	Hs	MIMAT0000691	HUMAN ENDOGENOUS	0
7	UAACAGUCUACAGCCAUGGUCG	BGYGRY	hsa-miR-132-3p	nmiR03199.1:1	Hs	MIMAT0000426	HUMAN ENDOGENOUS	0
7	UUUGGUCCCCUUCAACCAGCUG	YBGBGY	hsa-miR-133a	nmiR03200.1:1	Hs	MIMAT0000427	HUMAN ENDOGENOUS	0
7	UUUGGUCCCCUUCAACCAGCUA	RGBRBY	hsa-miR-133b	nmiR03201.1:1	Hs	MIMAT0000770	HUMAN ENDOGENOUS	0
7	UGUGACUGGUUGACCAGAGGGG	RBGYGY	hsa-miR-134	nmiR03202.1:1	Hs	MIMAT0000447	HUMAN ENDOGENOUS	0
7	UAUGGCUUUUUAUUCCUAUGUGA	RYBGYR	hsa-miR-135a-5p	nmiR03203.1:1	Hs	MIMAT0000428	HUMAN ENDOGENOUS	0
7	UAUGGCUUUUCAUUCCUAUGUGA	BRGYRB	hsa-miR-135b-5p	nmiR03204.1:1	Hs	MIMAT0000758	HUMAN ENDOGENOUS	0
7	ACUCCAUUUGUUUUGAUGAUGGA	GYGYGY	hsa-miR-136-5p	nmiR03205.1:1	Hs	MIMAT0000448	HUMAN ENDOGENOUS	0
7	UUAUUGCUUAAGAAUACGCGUAG	YRBYBR	hsa-miR-137	nmiR03206.1:1	Hs	MIMAT0000429	HUMAN ENDOGENOUS	0
7	AGCUGGUGUUGUGAAUCAGGCCG	YRGRGR	hsa-miR-138-5p	nmiR03207.1:1	Hs	MIMAT0000430	HUMAN ENDOGENOUS	0
7	GGAGACGCGGCCCUGUUGGAGU	BYRGBY	hsa-miR-139-3p	nmiR03208.1:1	Hs	MIMAT0004552	HUMAN ENDOGENOUS	0
7	UCUACAGUGCACGUGUCUCCAG	YBGBRB	hsa-miR-139-5p	nmiR03209.1:1	Hs	MIMAT0000250	HUMAN ENDOGENOUS	0
7	UACCACAGGGUAGAACCACGG	RYGBGY	hsa-miR-140-3p	nmiR03210.1:1	Hs	MIMAT0004597	HUMAN ENDOGENOUS	0
7	CAGUGGUUUUACCCUAUGGUAG	BGBRBY	hsa-miR-140-5p	nmiR03211.1:1	Hs	MIMAT0000431	HUMAN ENDOGENOUS	0
7	UAACACUGUCUGGUAAAGAUGG	BGYRBR	hsa-miR-141-3p	nmiR03212.1:1	Hs	MIMAT0000432	HUMAN ENDOGENOUS	0
7	UGUAGUGUUUCCUACUUUAUGGA	BYBYGB	hsa-miR-142-3p	nmiR03213.1:1	Hs	MIMAT0000434	HUMAN ENDOGENOUS	0
7	CAUAAAGUAGAAAGCACUACU	BGRGYG	hsa-miR-142-5p	nmiR03214.1:1	Hs	MIMAT0000433	HUMAN ENDOGENOUS	0
7	UACAGUAUAGAUGAUGUACU	BRBGRY	hsa-miR-144-3p	nmiR03215.1:1	Hs	MIMAT0000436	HUMAN ENDOGENOUS	0.006
7	GUCCAGUUUUCCCAGGAAUCCCU	BRGBGB	hsa-miR-145-5p	nmiR03216.1:1	Hs	MIMAT0000437	HUMAN ENDOGENOUS	0
7	UGAGAACUGAAUUCCAUGGGUU	GRGRYR	hsa-miR-146a-5p	nmiR03217.1:1	Hs	MIMAT0000449	HUMAN ENDOGENOUS	0
7	UGCCCUGUGGACUCAGUUCUGG	GRYRGY	hsa-miR-146b-3p	nmiR03218.1:1	Hs	MIMAT0004766	HUMAN ENDOGENOUS	0
7	UGAGAACUGAAUUCCAUAGGCU	GBGYGY	hsa-miR-146b-5p	nmiR03219.1:1	Hs	MIMAT0002809	HUMAN ENDOGENOUS	0
7	UUCUCAAGAGGGAGGCAAUCAU	GYBGYR	hsa-miR-514b-5p	nmiR03220.1:1	Hs	MIMAT0015087	HUMAN ENDOGENOUS	0
7	GUGUGCGGAAAUGCUUCUGCUA	GYGBYB	hsa-miR-147b	nmiR03221.1:1	Hs	MIMAT0004928	HUMAN ENDOGENOUS	0
7	GUGUGUGGAAAUGCUUCUGC	YBGRYR	hsa-miR-147a	nmiR03222.1:1	Hs	MIMAT0000251	HUMAN ENDOGENOUS	0
7	UCAGUGCACUACAGAACUUUGU	YBYRBG	hsa-miR-148a-3p	nmiR03223.1:1	Hs	MIMAT0000243	HUMAN ENDOGENOUS	0
7	UCUGGCUCCGUGUCUUCACUCCC	YGYGRB	hsa-miR-149-5p	nmiR03224.1:1	Hs	MIMAT0000450	HUMAN ENDOGENOUS	0
7	UCUCCCAACCCUUGUACCAGUG	YRYGYG	hsa-miR-150-5p	nmiR03225.1:1	Hs	MIMAT0000451	HUMAN ENDOGENOUS	0
7	UCGAGGAGCUCACAGUCU	YGRBGY	hsa-miR-151b	nmiR03226.1:1	Hs	MIMAT0010214	HUMAN ENDOGENOUS	0
7	CUAGACUGAAGCUCCUUGAGG	RYBRYB	hsa-miR-151a-3p	nmiR03227.1:1	Hs	MIMAT0000757	HUMAN ENDOGENOUS	0
7	UCGAGGAGCUCACAGUCUAGU	RBYGBY	hsa-miR-151a-5p	nmiR03228.1:1	Hs	MIMAT0004697	HUMAN ENDOGENOUS	0
7	UCAGUGCAUGACAGAACUUGG	RGYBRY	hsa-miR-152	nmiR03229.1:1	Hs	MIMAT0000438	HUMAN ENDOGENOUS	0
7	UUGCAUAGUCACAAAAGUGAUC	BGYRGY	hsa-miR-153	nmiR03230.1:1	Hs	MIMAT0000439	HUMAN ENDOGENOUS	0
7	UAGGUUAUCCGUGUUGCCUUCG	BYGYGY	hsa-miR-154-5p	nmiR03231.1:1	Hs	MIMAT0000452	HUMAN ENDOGENOUS	0
7	AACAUUCAACGCUGUCGGUGAGU	GRBRBR	hsa-miR-181a-5p	nmiR03232.1:1	Hs	MIMAT0000256	HUMAN ENDOGENOUS	0
7	AACAUUCAUUGCUGUCGGUGGGU	GRGRBY	hsa-miR-181b-5p+hsa-miR-181d	nmiR03233.1:1	Hs	MIMAT0000257	HUMAN ENDOGENOUS	0
7	AACAUUCAACCUGUCGGUGAGU	GBGYGB	hsa-miR-181c-5p	nmiR03234.1:1	Hs	MIMAT0000258	HUMAN ENDOGENOUS	0
7	UUUGGCAAUGGUAGAACUCACACU	GBRYBR	hsa-miR-182-5p	nmiR03235.1:1	Hs	MIMAT0000259	HUMAN ENDOGENOUS	0
7	UAUGGCACUGGUAGAAUUCACU	GYRYRG	hsa-miR-183-5p	nmiR03236.1:1	Hs	MIMAT0000261	HUMAN ENDOGENOUS	0
7	UGGACGGAGAACUGAUAAGGGU	GBYBRY	hsa-miR-184	nmiR03237.1:1	Hs	MIMAT0000454	HUMAN ENDOGENOUS	0
7	UGGAGAGAAAGGCAGUUCCUGA	GYGBYG	hsa-miR-185-5p	nmiR03238.1:1	Hs	MIMAT0000455	HUMAN ENDOGENOUS	0
7	CAAAGAAUUCUCCUUUUGGGCU	YBGRBY	hsa-miR-186-5p	nmiR03239.1:1	Hs	MIMAT0000456	HUMAN ENDOGENOUS	0
7	UCGUGUCUUGUGUUGCAGCCGG	YBYRBR	hsa-miR-187-3p	nmiR03240.1:1	Hs	MIMAT0000262	HUMAN ENDOGENOUS	0
7	CUCCCACAUGCAGGGUUUGCA	YRGYRB	hsa-miR-188-3p	nmiR03241.1:1	Hs	MIMAT0004613	HUMAN ENDOGENOUS	0
7	CAUCCCUUGCAUGGUGGAGGG	YRBGYB	hsa-miR-188-5p	nmiR03242.1:1	Hs	MIMAT0000457	HUMAN ENDOGENOUS	0
7	UGAUAUGUUUGAUAUUGGGUU	YRYGYR	hsa-miR-190b	nmiR03243.1:1	Hs	MIMAT0004929	HUMAN ENDOGENOUS	0
7	UGAUAUGUUUGAUAUAUUAGGU	RYBRYG	hsa-miR-190a	nmiR03244.1:1	Hs	MIMAT0000458	HUMAN ENDOGENOUS	0
7	CAACGGAAUCCCAAAAGCAGCUG	RGBYGR	hsa-miR-191-5p	nmiR03245.1:1	Hs	MIMAT0000440	HUMAN ENDOGENOUS	0
7	AACUGGCCUACAAAGUCCCAGU	RBGBYR	hsa-miR-193a-3p	nmiR03246.1:1	Hs	MIMAT0000459	HUMAN ENDOGENOUS	0
7	UGGGUCUUUGCGGGCGAGAUGA	RBRBYB	hsa-miR-193a-5p	nmiR03247.1:1	Hs	MIMAT0004614	HUMAN ENDOGENOUS	0
7	AACUGGCCCUCAAAGUCCCGCU	RGYBRB	hsa-miR-193b-3p	nmiR03248.1:1	Hs	MIMAT0002819	HUMAN ENDOGENOUS	0
7	UGUAACAGCAACUCCAUGUGGA	RYRBRY	hsa-miR-194-5p	nmiR03249.1:1	Hs	MIMAT0000460	HUMAN ENDOGENOUS	0
7	UAGCAGCACAGAAAUAUUGGC	BGBRBR	hsa-miR-195-5p	nmiR03250.1:1	Hs	MIMAT0000461	HUMAN ENDOGENOUS	0
7	UAGGUAGUUUCAUGUUGUUGGG	BYBYRY	hsa-miR-196a-5p	nmiR03251.1:1	Hs	MIMAT0000226	HUMAN ENDOGENOUS	0
7	UAGGUAGUUUCCUGUUGUUGGG	BYRYBR	hsa-miR-196b-5p	nmiR03252.1:1	Hs	MIMAT0001080	HUMAN ENDOGENOUS	0
7	UUCACCACCUUCUCCACCCAGC	BGRGBY	hsa-miR-197-3p	nmiR03253.1:1	Hs	MIMAT0000227	HUMAN ENDOGENOUS	0
7	GGUCCAGAGGGGAGAUAGGUUC	BRBGRG	hsa-miR-198	nmiR03254.1:1	Hs	MIMAT0000228	HUMAN ENDOGENOUS	0
7	ACAGUAGUCUGCACAUUGGUUA	GRBRGY	hsa-miR-199a-3p+hsa-miR-199b-3p	nmiR03255.1:1	Hs	MIMAT0000232	HUMAN ENDOGENOUS	0
7	CCCAGUGUUCAGACUACCUGUUC	GRYRGR	hsa-miR-199a-5p	nmiR03256.1:1	Hs	MIMAT0000231	HUMAN ENDOGENOUS	0
7	CCCAGUGUUUAGACUAUCUGUUC	GBGYGR	hsa-miR-199b-5p	nmiR03257.1:1	Hs	MIMAT0000263	HUMAN ENDOGENOUS	0
7	UAACACUGUCUGGUAACGAUGU	GYBGBG	hsa-miR-200a-3p	nmiR03258.1:1	Hs	MIMAT0000682	HUMAN ENDOGENOUS	0
7	UAAUACUGCCUGGUAAUGAUGA	GBYBRB	hsa-miR-200b-3p	nmiR03259.1:1	Hs	MIMAT0000318	HUMAN ENDOGENOUS	0
7	UAAUACUGCCGGGUAAUGAUGGA	GYGBYR	hsa-miR-200c-3p	nmiR03260.1:1	Hs	MIMAT0000617	HUMAN ENDOGENOUS	0
7	AGAGGUAUAGGGCAUGGGAA	GRYBYG	hsa-miR-202-3p	nmiR03261.1:1	Hs	MIMAT0002811	HUMAN ENDOGENOUS	0
7	GUGAAAUGUUUAGGACCACUAG	YBYRGY	hsa-miR-203	nmiR03262.1:1	Hs	MIMAT0000264	HUMAN ENDOGENOUS	0
7	UUCCCUUUGUCAUCCUAUGCCU	YBGRBG	hsa-miR-204-5p	nmiR03263.1:1	Hs	MIMAT0000265	HUMAN ENDOGENOUS	0
7	UCCUUCAUUCCACCGGAGUCUG	YRGYRG	hsa-miR-205-5p	nmiR03264.1:1	Hs	MIMAT0000266	HUMAN ENDOGENOUS	0
7	UGGAAUGUAAGGAAGUGUGUGG	YBRGYR	hsa-miR-206	nmiR03265.1:1	Hs	MIMAT0000462	HUMAN ENDOGENOUS	0
7	AUAAGACGAGCAAAAAGCUUGU	YGBGRB	hsa-miR-208a	nmiR03266.1:1	Hs	MIMAT0000241	HUMAN ENDOGENOUS	0
7	AUAAGACGAACAAAAGGUUUGU	RYBRYR	hsa-miR-208b	nmiR03267.1:1	Hs	MIMAT0004960	HUMAN ENDOGENOUS	0
7	CUGUGCGUGUGACAGCGGCUGA	RYGRYB	hsa-miR-210	nmiR03268.1:1	Hs	MIMAT0000267	HUMAN ENDOGENOUS	0
7	AGGGGGCGGGCUCCGGCG	RGRYGB	hsa-miR-4488	nmiR03269.1:1	Hs	MIMAT0019022	HUMAN ENDOGENOUS	0
7	UUCCCUUUGUCAUCCUUCGCCU	RBYGBR	hsa-miR-211-5p	nmiR03270.1:1	Hs	MIMAT0000268	HUMAN ENDOGENOUS	0
7	UAACAGUCUCCAGUCACGGCC	RBRBYG	hsa-miR-212-3p	nmiR03271.1:1	Hs	MIMAT0000269	HUMAN ENDOGENOUS	0
7	ACAGCAGGCACAGACAGGCAGU	RYRBRB	hsa-miR-214-3p	nmiR03272.1:1	Hs	MIMAT0000271	HUMAN ENDOGENOUS	0
7	AUGACCUAUGAAUUGACAGAC	BRBRYB	hsa-miR-215	nmiR03273.1:1	Hs	MIMAT0000272	HUMAN ENDOGENOUS	0
7	UAAUCUCAGCUGGCAACUGUGA	BRYRYR	hsa-miR-216a	nmiR03274.1:1	Hs	MIMAT0000273	HUMAN ENDOGENOUS	0
7	AAAUCUCUGCAGGCAAAUGUGA	BYBYRB	hsa-miR-216b	nmiR03275.1:1	Hs	MIMAT0004959	HUMAN ENDOGENOUS	0
7	UACUGCAUCAGGAACUGAUUGGA	BYGYGR	hsa-miR-217	nmiR03276.1:1	Hs	MIMAT0000274	HUMAN ENDOGENOUS	0
7	UUGUGCUUGAUCUAACCAUGU	BGYBYG	hsa-miR-218-5p	nmiR03277.1:1	Hs	MIMAT0000275	HUMAN ENDOGENOUS	0
7	AGAGUUGAGUCUGGACGUCCCG	GRBRGB	hsa-miR-219-1-3p	nmiR03278.1:1	Hs	MIMAT0004567	HUMAN ENDOGENOUS	0
7	AGAAUUGUGGCUGGACAUCUGU	GBRYGB	hsa-miR-219-2-3p	nmiR03279.1:1	Hs	MIMAT0004675	HUMAN ENDOGENOUS	0
7	UGAUUGUCCAAACGCAAUUCU	GRBYBY	hsa-miR-219-5p	nmiR03280.1:1	Hs	MIMAT0000276	HUMAN ENDOGENOUS	0
7	AGCUACAUUGUCUGCUGGGUUUC	GBYBRG	hsa-miR-221-3p	nmiR03281.1:1	Hs	MIMAT0000278	HUMAN ENDOGENOUS	0
7	AGCUACAUCUGGCUACUGGGU	GYRBYG	hsa-miR-222-3p	nmiR03282.1:1	Hs	MIMAT0000279	HUMAN ENDOGENOUS	0
7	UGUCAGUUUGUCAAAUACCCCA	GYGBGY	hsa-miR-223-3p	nmiR03283.1:1	Hs	MIMAT0000280	HUMAN ENDOGENOUS	0
7	CAAGUCACUAGUGGUUCCGUU	GRYBYR	hsa-miR-224-5p	nmiR03284.1:1	Hs	MIMAT0000281	HUMAN ENDOGENOUS	0
7	GAGGGUUGGGUGGAGGCUCUCC	YGYRYG	hsa-miR-296-3p	nmiR03285.1:1	Hs	MIMAT0004679	HUMAN ENDOGENOUS	0
7	AGGGCCCCCCCUCAAUCCUGU	YGBGRG	hsa-miR-296-5p	nmiR03286.1:1	Hs	MIMAT0000690	HUMAN ENDOGENOUS	0
7	AUGUAUGUGUGCAUGUGCAUG	YRBGYR	hsa-miR-297	nmiR03287.1:1	Hs	MIMAT0004450	HUMAN ENDOGENOUS	0
7	AGCAGAAGCAGGGAGGUUCUCCCA	YBYBYB	hsa-miR-298	nmiR03288.1:1	Hs	MIMAT0004901	HUMAN ENDOGENOUS	0
7	UAUGUGGGAUGGUAAACCGCUU	YGRBRY	hsa-miR-299-3p	nmiR03289.1:1	Hs	MIMAT0000687	HUMAN ENDOGENOUS	0
7	UGGUUUACCGUCCCACAUACAU	YRGBYB	hsa-miR-299-5p	nmiR03290.1:1	Hs	MIMAT0002890	HUMAN ENDOGENOUS	0
7	UAUACAAGGGCAGACUCUCUCU	RYBRBY	hsa-miR-300	nmiR03291.1:1	Hs	MIMAT0004903	HUMAN ENDOGENOUS	0
7	CAGUGCAAUAGUAUUGUCAAAGC	RGBYRB	hsa-miR-301a-3p	nmiR03292.1:1	Hs	MIMAT0000688	HUMAN ENDOGENOUS	0
7	CAGUGCAAUGAUAUUGUCAAAGC	RBYGRY	hsa-miR-301b	nmiR03293.1:1	Hs	MIMAT0004958	HUMAN ENDOGENOUS	0
7	UAAGUGCUUCCAUGUUUUGGUGA	RBGBGB	hsa-miR-302a-3p	nmiR03294.1:1	Hs	MIMAT0000684	HUMAN ENDOGENOUS	0
7	UAAGUGCUUCCAUGUUUUAGUAG	BGBRGB	hsa-miR-302b-3p	nmiR03295.1:1	Hs	MIMAT0000715	HUMAN ENDOGENOUS	0
7	UAAGUGCUUCCAUGUUUCAGUGG	BRYRBY	hsa-miR-302c-3p	nmiR03296.1:1	Hs	MIMAT0000717	HUMAN ENDOGENOUS	0
7	UAAGUGCUUCCAUGUUUGAGUGU	BGBYBY	hsa-miR-302d-3p	nmiR03297.1:1	Hs	MIMAT0000718	HUMAN ENDOGENOUS	0
7	UAAGUGCUUCCAUGCUU	BYRYGB	hsa-miR-302e	nmiR03298.1:1	Hs	MIMAT0005931	HUMAN ENDOGENOUS	0
7	UAAUUGCUUCCAUGUUU	BGRGBR	hsa-miR-302f	nmiR03299.1:1	Hs	MIMAT0005932	HUMAN ENDOGENOUS	0
7	AAAAGCUGGGUUGAGAGGGCGA	BRGBRG	hsa-miR-320a	nmiR03300.1:1	Hs	MIMAT0000510	HUMAN ENDOGENOUS	0
7	AAAAGCUGGGUUGAGAGGGCAA	GBGYRB	hsa-miR-320b	nmiR03301.1:1	Hs	MIMAT0005792	HUMAN ENDOGENOUS	0
7	AAAAGCUGGGUUGAGAGGGU	GBRYGR	hsa-miR-320c	nmiR03302.1:1	Hs	MIMAT0005793	HUMAN ENDOGENOUS	0
7	AAAAGCUGGGUUGAGAGGA	GYBGRY	hsa-miR-320d	nmiR03303.1:1	Hs	MIMAT0006764	HUMAN ENDOGENOUS	0
7	AAAGCUGGGUUGAGAAGG	GYGBGB	hsa-miR-320e	nmiR03304.1:1	Hs	MIMAT0015072	HUMAN ENDOGENOUS	0
7	CCCAAUACACGGUCGACCUCUU	GRYBGY	hsa-miR-323b-3p	nmiR03305.1:1	Hs	MIMAT0015050	HUMAN ENDOGENOUS	0
7	AGGUUGUCCGUGGUGAGUUCGCA	YBGRGY	hsa-miR-323b-5p	nmiR03306.1:1	Hs	MIMAT0001630	HUMAN ENDOGENOUS	0
7	CACAUUACACGGUCGACCUCU	YBYRGR	hsa-miR-323a-3p	nmiR03307.1:1	Hs	MIMAT0000755	HUMAN ENDOGENOUS	0
7	AGGUGGUCCGUGGCGCGUUCGC	YGBRYB	hsa-miR-323a-5p	nmiR03308.1:1	Hs	MIMAT0004696	HUMAN ENDOGENOUS	0
7	ACUGCCCCAGGUGCUGCUGG	YGYRYR	hsa-miR-324-3p	nmiR03309.1:1	Hs	MIMAT0000762	HUMAN ENDOGENOUS	0
7	CGCAUCCCCUAGGGCAUUGGUGU	YBRGBG	hsa-miR-324-5p	nmiR03310.1:1	Hs	MIMAT0000761	HUMAN ENDOGENOUS	0
7	CCUAGUAGGUGUCCAGUAAGUGU	YRBGBY	hsa-miR-325	nmiR03311.1:1	Hs	MIMAT0000771	HUMAN ENDOGENOUS	0
7	CCUCUGGGCCCUUCCUCCAG	YRYGBR	hsa-miR-326	nmiR03312.1:1	Hs	MIMAT0000756	HUMAN ENDOGENOUS	0
7	CUGGCCCUCUCUGCCCUUCCGU	YGRBRB	hsa-miR-328	nmiR03313.1:1	Hs	MIMAT0000752	HUMAN ENDOGENOUS	0
7	AACACACCUGGUUAACCUCUUU	RYGRYR	hsa-miR-329	nmiR03314.1:1	Hs	MIMAT0001629	HUMAN ENDOGENOUS	0
7	GCAAAGCACACGGCCUGCAGAGA	RGBYRG	hsa-miR-330-3p	nmiR03315.1:1	Hs	MIMAT0000751	HUMAN ENDOGENOUS	0
7	UCUCUGGGCCUGUGUCUUAGGC	RBYGRB	hsa-miR-330-5p	nmiR03316.1:1	Hs	MIMAT0004693	HUMAN ENDOGENOUS	0
7	GCCCCUGGGCCUAUCCUAGAA	RGYGYG	hsa-miR-331-3p	nmiR03317.1:1	Hs	MIMAT0000760	HUMAN ENDOGENOUS	0
7	CUAGGUAUGGUCCCAGGGAUCC	RYRGYB	hsa-miR-331-5p	nmiR03318.1:1	Hs	MIMAT0004700	HUMAN ENDOGENOUS	0
7	UCAAGAGCAAUAACGAAAAAUGU	BGBRGR	hsa-miR-335-5p	nmiR03319.1:1	Hs	MIMAT0000765	HUMAN ENDOGENOUS	0
7	CUCCUAUAUGAUGCCUUUCUUC	BRYRBG	hsa-miR-337-3p	nmiR03320.1:1	Hs	MIMAT0000754	HUMAN ENDOGENOUS	0
7	GAACGGCUUCAUACAGGAGUU	BGBYBG	hsa-miR-337-5p	nmiR03321.1:1	Hs	MIMAT0004695	HUMAN ENDOGENOUS	0
7	UCCAGCAUCAGUGAUUUUGUUG	BYGYRB	hsa-miR-338-3p	nmiR03322.1:1	Hs	MIMAT0000763	HUMAN ENDOGENOUS	0
7	AACAAUAUCCUGGUGCUGAGUG	BGRGRY	hsa-miR-338-5p	nmiR03323.1:1	Hs	MIMAT0004701	HUMAN ENDOGENOUS	0
7	UGAGCGCCUCGACGACAGAGCCG	BGYBGY	hsa-miR-339-3p	nmiR03324.1:1	Hs	MIMAT0004702	HUMAN ENDOGENOUS	0
7	UCCCUGUCCUCCAGGAGCUCACG	GRGRGB	hsa-miR-339-5p	nmiR03325.1:1	Hs	MIMAT0000764	HUMAN ENDOGENOUS	0
7	UUAUAAAGCAAUGAGACUGAUU	GBGYRG	hsa-miR-340-5p	nmiR03326.1:1	Hs	MIMAT0004692	HUMAN ENDOGENOUS	0
7	GCGGGGCUGGGCGCGCG	GBRYRY	hsa-miR-4508	nmiR03327.1:1	Hs	MIMAT0019045	HUMAN ENDOGENOUS	0
7	UCUCACACAGAAAUCGCACCCGU	GRBYBR	hsa-miR-342-3p	nmiR03328.1:1	Hs	MIMAT0000753	HUMAN ENDOGENOUS	0
7	AGGGGUGCUAUCUGUGAUUGA	GRGYBY	hsa-miR-342-5p	nmiR03329.1:1	Hs	MIMAT0004694	HUMAN ENDOGENOUS	0
7	GCUGACUCCUAGUCCAGGGCUC	GYBGRB	hsa-miR-345-5p	nmiR03330.1:1	Hs	MIMAT0000772	HUMAN ENDOGENOUS	0
7	UGUCUGCCCGCAUGCCUGCCUCU	GYGBGR	hsa-miR-346	nmiR03331.1:1	Hs	MIMAT0000773	HUMAN ENDOGENOUS	0
7	UCCCCCAGGUGUGAUUCUGAUUU	GYRBGY	hsa-miR-361-3p	nmiR03332.1:1	Hs	MIMAT0004682	HUMAN ENDOGENOUS	0
7	UUAUCAGAAUCUCCAGGGGUAC	GRYBGB	hsa-miR-361-5p	nmiR03333.1:1	Hs	MIMAT0000703	HUMAN ENDOGENOUS	0
7	AACACACCUAUUCAAGGAUUCA	YGYRBY	hsa-miR-362-3p	nmiR03334.1:1	Hs	MIMAT0004683	HUMAN ENDOGENOUS	0
7	AAUCCUUGGAACCUAGGUGUGAGU	YBRGBR	hsa-miR-362-5p	nmiR03335.1:1	Hs	MIMAT0000705	HUMAN ENDOGENOUS	0
7	AAUUGCACGGUAUCCAUCUGUA	YRBGBG	hsa-miR-363-3p	nmiR03336.1:1	Hs	MIMAT0000707	HUMAN ENDOGENOUS	0
7	UAAUGCCCCUAAAAAUCCUUAU	YBYBYR	hsa-miR-365a-3p	nmiR03337.1:1	Hs	MIMAT0000710	HUMAN ENDOGENOUS	0
7	AAUAAUACAUGGUUGAUCUUU	BRGRYG	hsa-miR-369-3p	nmiR03338.1:1	Hs	MIMAT0000721	HUMAN ENDOGENOUS	0
7	AGAUCGACCGUGUUAUAUUCGC	BRBRBY	hsa-miR-369-5p	nmiR03339.1:1	Hs	MIMAT0001621	HUMAN ENDOGENOUS	0
7	GCCUGCUGGGGUGGAACCUGGU	BYGYRG	hsa-miR-370	nmiR03340.1:1	Hs	MIMAT0000722	HUMAN ENDOGENOUS	0
7	UGCUUCCUUUCAGAGGGU	BGYBGB	hsa-miR-516a-3p	nmiR03341.1:1	Hs	MIMAT0006778	HUMAN ENDOGENOUS	0
7	AAGUGCCCCCACAGUUUGAGUGC	GRGRGR	hsa-miR-371b-3p	nmiR03342.1:1	Hs	MIMAT0019893	HUMAN ENDOGENOUS	0
7	ACUCAAAAGAUGGCGGCACUUU	GBGBYB	hsa-miR-371b-5p	nmiR03343.1:1	Hs	MIMAT0019892	HUMAN ENDOGENOUS	0
7	AAGUGCCGCCAUCUUUUGAGUGU	GYRBGB	hsa-miR-371a-3p	nmiR03344.1:1	Hs	MIMAT0000723	HUMAN ENDOGENOUS	0
7	ACUCAAACUGUGGGGGCACU	YBGRGR	hsa-miR-371a-5p	nmiR03345.1:1	Hs	MIMAT0004687	HUMAN ENDOGENOUS	0
7	AAAGUGCUGCGACAUUUGAGCGU	YGBRYR	hsa-miR-372	nmiR03346.1:1	Hs	MIMAT0000724	HUMAN ENDOGENOUS	0
7	GAAGUGCUUCGAUUUUGGGGUGU	YBGYBG	hsa-miR-373-3p	nmiR03347.1:1	Hs	MIMAT0000726	HUMAN ENDOGENOUS	0
7	UUAUAAUACAACCUGAUAAGUG	YBRGRY	hsa-miR-374a-5p	nmiR03348.1:1	Hs	MIMAT0000727	HUMAN ENDOGENOUS	0
7	AUAUAAUACAACCUGCUAAGUG	YGRGYB	hsa-miR-374b-5p	nmiR03349.1:1	Hs	MIMAT0004955	HUMAN ENDOGENOUS	0
7	AUAAUACAACCUGCUAAGUGCU	YBYBGY	hsa-miR-374c-5p	nmiR03350.1:1	Hs	MIMAT0018443	HUMAN ENDOGENOUS	0
7	UUUGUUCGUUCGGCUCGCGUGA	RYBRGY	hsa-miR-375	nmiR03351.1:1	Hs	MIMAT0000728	HUMAN ENDOGENOUS	0
7	AUCAUAGAGGAAAAUCCACGU	RYGRBG	hsa-miR-376a-3p	nmiR03352.1:1	Hs	MIMAT0000729	HUMAN ENDOGENOUS	0
7	AUCAUAGAGGAAAAUCCAUGUU	RBGBRB	hsa-miR-376b	nmiR03353.1:1	Hs	MIMAT0002172	HUMAN ENDOGENOUS	0
7	AACAUAGAGGAAAUUCCACGU	RBRBGR	hsa-miR-376c	nmiR03354.1:1	Hs	MIMAT0000720	HUMAN ENDOGENOUS	0
7	ACUGGACUUGGAGGCAGAA	BRBRBG	hsa-miR-378b	nmiR03355.1:1	Hs	MIMAT0014999	HUMAN ENDOGENOUS	0
7	ACUGGACUUGGAGUCAGAAGAGUGG	GYBRYB	hsa-miR-378c	nmiR03356.1:1	Hs	MIMAT0016847	HUMAN ENDOGENOUS	0
7	GGGAGAAGGGUCGGGGC	GBRYRG	hsa-miR-4516	nmiR03357.1:1	Hs	MIMAT0019053	HUMAN ENDOGENOUS	0
7	ACUGGACUUGGAGUCAGAAA	GRBYGB	hsa-miR-378d	nmiR03358.1:1	Hs	MIMAT0018926	HUMAN ENDOGENOUS	0
7	ACUGGACUUGGAGUCAGGA	GYGBRB	hsa-miR-378e	nmiR03359.1:1	Hs	MIMAT0018927	HUMAN ENDOGENOUS	0.017
7	ACUGGACUUGGAGCCAGAAG	YGBRBY	hsa-miR-378f	nmiR03360.1:1	Hs	MIMAT0018932	HUMAN ENDOGENOUS	0
7	ACUGGGCUUGGAGUCAGAAG	YBRYBY	hsa-miR-378g	nmiR03361.1:1	Hs	MIMAT0018937	HUMAN ENDOGENOUS	0
7	ACUGGACUUGGUGUCAGAUGG	YGRGYG	hsa-miR-378h	nmiR03362.1:1	Hs	MIMAT0018984	HUMAN ENDOGENOUS	0
7	UGGUAGACUAUGGAACGUAGG	YRYGRG	hsa-miR-379-5p	nmiR03363.1:1	Hs	MIMAT0000733	HUMAN ENDOGENOUS	0
7	UAUGUAAUAUGGUCCACAUCUU	RBYRYG	hsa-miR-380-3p	nmiR03364.1:1	Hs	MIMAT0000735	HUMAN ENDOGENOUS	0
7	UAUACAAGGGCAAGCUCUCUGU	RYGRBR	hsa-miR-381	nmiR03365.1:1	Hs	MIMAT0000736	HUMAN ENDOGENOUS	0
7	GAAGUUGUUCGUGGUGGAUUCG	RGBGYR	hsa-miR-382-5p	nmiR03366.1:1	Hs	MIMAT0000737	HUMAN ENDOGENOUS	0
7	AGAUCAGAAGGUGAUUGUGGCU	RBGBRG	hsa-miR-383	nmiR03367.1:1	Hs	MIMAT0000738	HUMAN ENDOGENOUS	0
7	AUUCCUAGAAAUUGUUCAUA	RBRBRY	hsa-miR-384	nmiR03368.1:1	Hs	MIMAT0001075	HUMAN ENDOGENOUS	0
7	GAAUGUUGCUCGGUGAACCCCU	RGRBYB	hsa-miR-409-3p	nmiR03369.1:1	Hs	MIMAT0001639	HUMAN ENDOGENOUS	0
7	AGGUUACCCGAGCAACUUUGCAU	BRYRGB	hsa-miR-409-5p	nmiR03370.1:1	Hs	MIMAT0001638	HUMAN ENDOGENOUS	0
7	AAUAUAACACAGAUGGCCUGU	BRBRBR	hsa-miR-410	nmiR03371.1:1	Hs	MIMAT0002171	HUMAN ENDOGENOUS	0
7	AUUCUGCAUUUUUAGCAAGUUC	BGRYBR	hsa-miR-544a	nmiR03372.1:1	Hs	MIMAT0003164	HUMAN ENDOGENOUS	0
7	UAGUAGACCGUAUAGCGUACG	BYRYRG	hsa-miR-411-5p	nmiR03373.1:1	Hs	MIMAT0003329	HUMAN ENDOGENOUS	0
7	AAAAGUAAUUGCGAGUUUUACC	BYBGBY	hsa-miR-548a-5p	nmiR03374.1:1	Hs	MIMAT0004803	HUMAN ENDOGENOUS	0
7	ACUUCACCUGGUCCACUAGCCGU	BGYBRY	hsa-miR-412	nmiR03375.1:1	Hs	MIMAT0002170	HUMAN ENDOGENOUS	0
7	AUCAACAGACAUUAAUUGGGCGC	GBYGBG	hsa-miR-421	nmiR03376.1:1	Hs	MIMAT0003339	HUMAN ENDOGENOUS	0
7	AAAAACCACAAUUACUUUUGCACCA	GYRBRY	hsa-miR-548aa	nmiR03377.1:1	Hs	MIMAT0018447	HUMAN ENDOGENOUS	0
7	AGCUCGGUCUGAGGCCCCUCAGU	GRYBRB	hsa-miR-423-3p	nmiR03378.1:1	Hs	MIMAT0001340	HUMAN ENDOGENOUS	0
7	AAAGGUAAUUGCAGUUUUUCCC	YGBRBG	hsa-miR-548ai	nmiR03379.1:1	Hs	MIMAT0018989	HUMAN ENDOGENOUS	0
7	UGAGGGGCAGAGAGCGAGACUUU	YBGYGY	hsa-miR-423-5p	nmiR03380.1:1	Hs	MIMAT0004748	HUMAN ENDOGENOUS	0
7	CAGCAGCAAUUCAUGUUUUGAA	YBRYBG	hsa-miR-424-5p	nmiR03381.1:1	Hs	MIMAT0001341	HUMAN ENDOGENOUS	0
7	AAUGACACGAUCACUCCCGUUGA	YBYBGR	hsa-miR-425-5p	nmiR03382.1:1	Hs	MIMAT0003393	HUMAN ENDOGENOUS	0
7	UAAUACUGUCUGGUAAAACCGU	YRGBGR	hsa-miR-429	nmiR03383.1:1	Hs	MIMAT0001536	HUMAN ENDOGENOUS	0
7	UGUCUUGCAGGCCGUCAUGCA	RBYRYR	hsa-miR-431-5p	nmiR03384.1:1	Hs	MIMAT0001625	HUMAN ENDOGENOUS	0
7	UCUUGGAGUAGGUCAUUGGGUGG	RYBRGR	hsa-miR-432-5p	nmiR03385.1:1	Hs	MIMAT0002814	HUMAN ENDOGENOUS	0
7	AUCAUGAUGGGCUCCUCGGUGU	RYBYBG	hsa-miR-433	nmiR03386.1:1	Hs	MIMAT0001627	HUMAN ENDOGENOUS	0
7	UUGCAUAUGUAGGAUGUCCCAU	RGBGBY	hsa-miR-448	nmiR03387.1:1	Hs	MIMAT0001532	HUMAN ENDOGENOUS	0
7	UGGCAGUGUAUUGUUAGCUGGU	RGYGBR	hsa-miR-449a	nmiR03388.1:1	Hs	MIMAT0001541	HUMAN ENDOGENOUS	0
7	AGGCAGUGUAUUGUUAGCUGGC	RYRGBG	hsa-miR-449b-5p	nmiR03389.1:1	Hs	MIMAT0003327	HUMAN ENDOGENOUS	0
7	UAGGCAGUGUAUUGCUAGCGGCUGU	BGBYGR	hsa-miR-449c-5p	nmiR03390.1:1	Hs	MIMAT0010251	HUMAN ENDOGENOUS	0
7	UUUUGCGAUGUGUUCCUAAUAU	BGRYGY	hsa-miR-450a-5p	nmiR03391.1:1	Hs	MIMAT0001545	HUMAN ENDOGENOUS	0
7	UUGGGAUCAUUUUGCAUCCAUA	BYGBYR	hsa-miR-450b-3p	nmiR03392.1:1	Hs	MIMAT0004910	HUMAN ENDOGENOUS	0
7	UUUUGCAAUAUGUUCCUGAAUA	BYRBYB	hsa-miR-450b-5p	nmiR03393.1:1	Hs	MIMAT0004909	HUMAN ENDOGENOUS	0
7	AAACCGUUACCAUUACUGAGUU	GRBYRY	hsa-miR-451a	nmiR03394.1:1	Hs	MIMAT0001631	HUMAN ENDOGENOUS	0
7	AACUGUUUGCAGAGGAAACUGA	GRGYGB	hsa-miR-452-5p	nmiR03395.1:1	Hs	MIMAT0001635	HUMAN ENDOGENOUS	0
7	AAAAGUAAUUGCGGUCUUUGGU	GBGBGY	hsa-miR-548j	nmiR03396.1:1	Hs	MIMAT0005875	HUMAN ENDOGENOUS	0
7	UAGUGCAAUAUUGCUUAUAGGGU	YRYRYG	hsa-miR-454-3p	nmiR03397.1:1	Hs	MIMAT0003885	HUMAN ENDOGENOUS	0
7	GCAGUCCAUGGGCAUAUACAC	YBGYGB	hsa-miR-455-3p	nmiR03398.1:1	Hs	MIMAT0004784	HUMAN ENDOGENOUS	0
7	UAGCAAAAACUGCAGUUACUUU	YRBGRG	hsa-miR-548p	nmiR03399.1:1	Hs	MIMAT0005934	HUMAN ENDOGENOUS	0
7	UAUGUGCCUUUGGACUACAUCG	YGYBYB	hsa-miR-455-5p	nmiR03400.1:1	Hs	MIMAT0003150	HUMAN ENDOGENOUS	0
7	UCACUCCUCUCCUCCCGUCUU	RBGRYG	hsa-miR-483-3p	nmiR03401.1:1	Hs	MIMAT0002173	HUMAN ENDOGENOUS	0
7	AAGACGGGAGGAAAGAAGGGAG	RGYGRY	hsa-miR-483-5p	nmiR03402.1:1	Hs	MIMAT0004761	HUMAN ENDOGENOUS	0
7	UCAGGCUCAGUCCCCUCCCGAU	RGBGBG	hsa-miR-484	nmiR03403.1:1	Hs	MIMAT0002174	HUMAN ENDOGENOUS	0
7	GUCAUACACGGCUCUCCUCUCU	BRGRBR	hsa-miR-485-3p	nmiR03404.1:1	Hs	MIMAT0002176	HUMAN ENDOGENOUS	0
7	AGAGGCUGGCCGUGAUGAAUUC	BGBYRY	hsa-miR-485-5p	nmiR03405.1:1	Hs	MIMAT0002175	HUMAN ENDOGENOUS	0
7	CGGGGCAGCUCAGUACAGGAU	BRBYBY	hsa-miR-486-3p	nmiR03406.1:1	Hs	MIMAT0004762	HUMAN ENDOGENOUS	0
7	AAUCAUACAGGGACAUCCAGUU	BYGBGY	hsa-miR-487a	nmiR03407.1:1	Hs	MIMAT0002178	HUMAN ENDOGENOUS	0
7	AAUCGUACAGGGUCAUCCACUU	BRYBYR	hsa-miR-487b	nmiR03408.1:1	Hs	MIMAT0003180	HUMAN ENDOGENOUS	0
7	UUGAAAGGCUAUUUCUUGGUC	GYBRBY	hsa-miR-488-3p	nmiR03409.1:1	Hs	MIMAT0004763	HUMAN ENDOGENOUS	0
7	GUGACAUCACAUAUACGGCAGC	GYRBRG	hsa-miR-489	nmiR03410.1:1	Hs	MIMAT0002805	HUMAN ENDOGENOUS	0
7	UGACAACUAUGGAUGAGCUCU	YGRGBG	hsa-miR-549	nmiR03411.1:1	Hs	MIMAT0003333	HUMAN ENDOGENOUS	0
7	CAACCUGGAGGACUCCAUGCUG	YGYBYG	hsa-miR-490-3p	nmiR03412.1:1	Hs	MIMAT0002806	HUMAN ENDOGENOUS	0
7	CCAUGGAUCUCCAGGUGGGU	RBRGYB	hsa-miR-490-5p	nmiR03413.1:1	Hs	MIMAT0004764	HUMAN ENDOGENOUS	0
7	CUUAUGCAAGAUUCCCUUCUAC	RYRGRY	hsa-miR-491-3p	nmiR03414.1:1	Hs	MIMAT0004765	HUMAN ENDOGENOUS	0
7	AGUGGGGAACCCUUCCAUGAGG	RGRBGY	hsa-miR-491-5p	nmiR03415.1:1	Hs	MIMAT0002807	HUMAN ENDOGENOUS	0
7	AGGACCUGCGGGACAAGAUUCUU	BRBRGR	hsa-miR-492	nmiR03416.1:1	Hs	MIMAT0002812	HUMAN ENDOGENOUS	0
7	UGAAGGUCUACUGUGUGCCAGG	BRGRGY	hsa-miR-493-3p	nmiR03417.1:1	Hs	MIMAT0003161	HUMAN ENDOGENOUS	0
7	UGAAACAUACACGGGAAACCUC	BYGBGB	hsa-miR-494	nmiR03418.1:1	Hs	MIMAT0002816	HUMAN ENDOGENOUS	0
7	AAACAAACAUGGUGCACUUCUU	GYRGYB	hsa-miR-495	nmiR03419.1:1	Hs	MIMAT0002817	HUMAN ENDOGENOUS	0
7	UGAGUAUUACAUGGCCAAUCUC	GRYGYG	hsa-miR-496	nmiR03420.1:1	Hs	MIMAT0002818	HUMAN ENDOGENOUS	0
7	CAGCAGCACACUGUGGUUUGU	YRYRBY	hsa-miR-497-5p	nmiR03421.1:1	Hs	MIMAT0002820	HUMAN ENDOGENOUS	0
7	UUUCAAGCCAGGGGGCGUUUUUC	YGRGBR	hsa-miR-498	nmiR03422.1:1	Hs	MIMAT0002824	HUMAN ENDOGENOUS	0
7	AGUUAAUGAAUCCUGGAAAGU	RYGYBR	hsa-miR-569	nmiR03423.1:1	Hs	MIMAT0003234	HUMAN ENDOGENOUS	0
7	AACAUCACUGCAAGUCUUAACA	RYRYBY	hsa-miR-499b-3p	nmiR03424.1:1	Hs	MIMAT0019898	HUMAN ENDOGENOUS	0
7	ACAGACUUGCUGUGAUGUUCA	RBRGYG	hsa-miR-499b-5p	nmiR03425.1:1	Hs	MIMAT0019897	HUMAN ENDOGENOUS	0
7	AACAUCACAGCAAGUCUGUGCU	BRBYBR	hsa-miR-499a-3p	nmiR03426.1:1	Hs	MIMAT0004772	HUMAN ENDOGENOUS	0
7	CGAAAACAGCAAUUACCUUUGC	YRGRYB	hsa-miR-570-3p	nmiR03427.1:1	Hs	MIMAT0003235	HUMAN ENDOGENOUS	0
7	UUAAGACUUGCAGUGAUGUUU	YBGYRB	hsa-miR-499a-5p	nmiR03428.1:1	Hs	MIMAT0002870	HUMAN ENDOGENOUS	0
7	UAAUCCUUGCUACCUGGGUGAGA	YBRYGR	hsa-miR-500a-5p+hsa-miR-501-5p	nmiR03429.1:1	Hs	MIMAT0004773	HUMAN ENDOGENOUS	0
7	AAUCCUUGCUACCUGGGU	YGRGRY	hsa-miR-500b	nmiR03430.1:1	Hs	MIMAT0016925	HUMAN ENDOGENOUS	0
7	AAUGCACCCGGGCAAGGAUUCU	YGYBGY	hsa-miR-501-3p	nmiR03431.1:1	Hs	MIMAT0004774	HUMAN ENDOGENOUS	0
7	AAUGCACCUGGGCAAGGAUUCA	RYBYGR	hsa-miR-502-3p	nmiR03432.1:1	Hs	MIMAT0004775	HUMAN ENDOGENOUS	0
7	UGUGUCACUCGAUGACCACUGU	RYGYGY	hsa-miR-597	nmiR03433.1:1	Hs	MIMAT0003265	HUMAN ENDOGENOUS	0
7	AUCCUUGCUAUCUGGGUGCUA	BRGRGR	hsa-miR-502-5p	nmiR03434.1:1	Hs	MIMAT0002873	HUMAN ENDOGENOUS	0
7	UAGCAGCGGGAACAGUUCUGCAG	BRBYGY	hsa-miR-503	nmiR03435.1:1	Hs	MIMAT0002874	HUMAN ENDOGENOUS	0
7	UUAAUAUCGGACAACCAUUGU	BGYGYR	hsa-miR-889	nmiR03436.1:1	Hs	MIMAT0004921	HUMAN ENDOGENOUS	0
7	AGACCCUGGUCUGCACUCUAUC	BYBGRG	hsa-miR-504	nmiR03437.1:1	Hs	MIMAT0002875	HUMAN ENDOGENOUS	0
7	CGUCAACACUUGCUGGUUUCCU	GYBRGY	hsa-miR-505-3p	nmiR03438.1:1	Hs	MIMAT0002876	HUMAN ENDOGENOUS	0
7	UAAGGCACCCUUCUGAGUAGA	GRGYRG	hsa-miR-506-3p	nmiR03439.1:1	Hs	MIMAT0002878	HUMAN ENDOGENOUS	0
7	UUUUGCACCUUUUGGAGUGAA	GRYGBY	hsa-miR-507	nmiR03440.1:1	Hs	MIMAT0002879	HUMAN ENDOGENOUS	0
7	UGAUUGUAGCCUUUUGGAGUAGA	GBGBRB	hsa-miR-508-3p	nmiR03441.1:1	Hs	MIMAT0002880	HUMAN ENDOGENOUS	0
7	UACUCCAGAGGGCGUCACUCAUG	GBRBGR	hsa-miR-508-5p	nmiR03442.1:1	Hs	MIMAT0004778	HUMAN ENDOGENOUS	0
7	UACUGCAGACGUGGCAAUCAUG	YRYRBR	hsa-miR-509-3-5p	nmiR03443.1:1	Hs	MIMAT0004975	HUMAN ENDOGENOUS	0
7	UGAUUGGUACGUCUGUGGGUAG	YGBYBR	hsa-miR-509-3p	nmiR03444.1:1	Hs	MIMAT0002881	HUMAN ENDOGENOUS	0
7	UACUGCAGACAGUGGCAAUCA	YBYGYG	hsa-miR-509-5p	nmiR03445.1:1	Hs	MIMAT0004779	HUMAN ENDOGENOUS	0
7	UACUCAGGAGAGUGGCAAUCAC	RBGRBR	hsa-miR-510	nmiR03446.1:1	Hs	MIMAT0002882	HUMAN ENDOGENOUS	0
7	GUGUCUUUUGCUCUGCAGUCA	RYBYRY	hsa-miR-511	nmiR03447.1:1	Hs	MIMAT0002808	HUMAN ENDOGENOUS	0
7	AAGUGCUGUCAUAGCUGAGGUC	BYGBRB	hsa-miR-512-3p	nmiR03448.1:1	Hs	MIMAT0002823	HUMAN ENDOGENOUS	0
7	CACUCAGCCUUGAGGGCACUUUC	BYRBGR	hsa-miR-512-5p	nmiR03449.1:1	Hs	MIMAT0002822	HUMAN ENDOGENOUS	0
7	UAAAUUUCACCUUUCUGAGAAGG	BRYBRY	hsa-miR-513a-3p	nmiR03450.1:1	Hs	MIMAT0004777	HUMAN ENDOGENOUS	0
7	UUCACAGGGAGGUGUCAU	GYBRGB	hsa-miR-513a-5p	nmiR03451.1:1	Hs	MIMAT0002877	HUMAN ENDOGENOUS	0
7	GUGAGGACUCGGGAGGUGG	GYRGBY	hsa-miR-1224-5p	nmiR03452.1:1	Hs	MIMAT0005458	HUMAN ENDOGENOUS	0
7	UUCACAAGGAGGUGUCAUUUAU	GBGBRG	hsa-miR-513b	nmiR03453.1:1	Hs	MIMAT0005788	HUMAN ENDOGENOUS	0
7	UUCUCAAGGAGGUGUCGUUUAU	YRYRGY	hsa-miR-513c-5p	nmiR03454.1:1	Hs	MIMAT0005789	HUMAN ENDOGENOUS	0
7	AUUGACACCUCUGUGAGUGGA	YGRYBG	hsa-miR-514b-3p	nmiR03455.1:1	Hs	MIMAT0015088	HUMAN ENDOGENOUS	0
7	AUUGACACUUCUGUGAGUAGA	RBYBYG	hsa-miR-514a-3p	nmiR03456.1:1	Hs	MIMAT0002883	HUMAN ENDOGENOUS	0
7	GAGUGCCUUCUUUUGGAGCGUU	BGBGYR	hsa-miR-515-3p	nmiR03457.1:1	Hs	MIMAT0002827	HUMAN ENDOGENOUS	0
7	UUCUCCAAAAGAAAGCACUUUCUG	BRYBRB	hsa-miR-515-5p	nmiR03458.1:1	Hs	MIMAT0002826	HUMAN ENDOGENOUS	0
7	UUCUCGAGGAAAGAAGCACUUUC	GRBGBY	hsa-miR-516a-5p	nmiR03459.1:1	Hs	MIMAT0004770	HUMAN ENDOGENOUS	0
7	AUCUGGAGGUAAGAAGCACUUU	GRYGBR	hsa-miR-516b-5p	nmiR03460.1:1	Hs	MIMAT0002859	HUMAN ENDOGENOUS	0
7	AUCGUGCAUCCCUUUAGAGUGU	YBRYRG	hsa-miR-517a-3p	nmiR03461.1:1	Hs	MIMAT0002852	HUMAN ENDOGENOUS	0
7	UCGUGCAUCCCUUUAGAGUGUU	YGYBRY	hsa-miR-517b-3p	nmiR03462.1:1	Hs	MIMAT0002857	HUMAN ENDOGENOUS	0
7	AUCGUGCAUCCUUUUAGAGUGU	RBGYBY	hsa-miR-517c-3p+hsa-miR-519a-3p	nmiR03463.1:1	Hs	MIMAT0002866	HUMAN ENDOGENOUS	0
7	GAAAGCGCUUCCCUUUGCUGGA	BYGRYB	hsa-miR-518a-3p	nmiR03464.1:1	Hs	MIMAT0002863	HUMAN ENDOGENOUS	0
7	CAAAGCGCUCCCCUUUAGAGGU	BRGYGB	hsa-miR-518b	nmiR03465.1:1	Hs	MIMAT0002844	HUMAN ENDOGENOUS	0
7	CAAAGCGCUUCUCUUUAGAGUGU	GRGBYR	hsa-miR-518c-3p	nmiR03466.1:1	Hs	MIMAT0002848	HUMAN ENDOGENOUS	0
7	CAAAGCGCUUCCCUUUGGAGC	YRGRBG	hsa-miR-518d-3p	nmiR03467.1:1	Hs	MIMAT0002864	HUMAN ENDOGENOUS	0
7	AAAGCGCUUCCCUUCAGAGUG	YBGBYR	hsa-miR-518e-3p	nmiR03468.1:1	Hs	MIMAT0002861	HUMAN ENDOGENOUS	0
7	GAAAGCGCUUCUCUUUAGAGG	YRYBYG	hsa-miR-518f-3p	nmiR03469.1:1	Hs	MIMAT0002842	HUMAN ENDOGENOUS	0
7	AAAGUGCAUCCUUUUAGAGGUU	RBGRGR	hsa-miR-519b-3p	nmiR03470.1:1	Hs	MIMAT0002837	HUMAN ENDOGENOUS	0
7	CUCUAGAGGGAAGCGCUUUCUG	RYGYRB	hsa-miR-519b-5p+hsa-miR-519c-5p	nmiR03471.1:1	Hs	MIMAT0005454	HUMAN ENDOGENOUS	0
7	AAAGUGCAUCUUUUUAGAGGAU	BYRBRG	hsa-miR-519c-3p	nmiR03472.1:1	Hs	MIMAT0002832	HUMAN ENDOGENOUS	0
7	CAAAGUGCCUCCCUUUAGAGUG	GYGRGR	hsa-miR-519d	nmiR03473.1:1	Hs	MIMAT0002853	HUMAN ENDOGENOUS	0
7	AAGUGCCUCCUUUUAGAGUGUU	GRYGRB	hsa-miR-519e-3p	nmiR03474.1:1	Hs	MIMAT0002829	HUMAN ENDOGENOUS	0
7	AAAGUGCUUCCCUUUGGACUGU	YRBRGB	hsa-miR-520a-3p	nmiR03475.1:1	Hs	MIMAT0002834	HUMAN ENDOGENOUS	0
7	CUCCAGAGGGAAGUACUUUCU	YGBYRY	hsa-miR-520a-5p	nmiR03476.1:1	Hs	MIMAT0002833	HUMAN ENDOGENOUS	0
7	AAAGUGCUUCCUUUUAGAGGG	RGYRBR	hsa-miR-520b	nmiR03477.1:1	Hs	MIMAT0002843	HUMAN ENDOGENOUS	0
7	AAAGUGCUUCCUUUUAGAGGGU	BRYGYG	hsa-miR-520c-3p	nmiR03478.1:1	Hs	MIMAT0002846	HUMAN ENDOGENOUS	0
7	AAAGUGCUUCUCUUUGGUGGGU	GBYRBR	hsa-miR-520d-3p	nmiR03479.1:1	Hs	MIMAT0002856	HUMAN ENDOGENOUS	0
7	CUACAAAGGGAAGCCCUUUC	GYGYBR	hsa-miR-520d-5p+hsa-miR-518a-5p+hsa-miR-527	nmiR03480.1:1	Hs	MIMAT0002855	HUMAN ENDOGENOUS	0
7	AAAGUGCUUCCUUUUUGAGGG	GRGBGB	hsa-miR-520e	nmiR03481.1:1	Hs	MIMAT0002825	HUMAN ENDOGENOUS	0
7	AAGUGCUUCCUUUUAGAGGGUU	YGRYGR	hsa-miR-520f	nmiR03482.1:1	Hs	MIMAT0002830	HUMAN ENDOGENOUS	0
7	ACAAAGUGCUUCCCUUUAGAGUGU	YBYGRY	hsa-miR-520g	nmiR03483.1:1	Hs	MIMAT0002858	HUMAN ENDOGENOUS	0
7	ACAAAGUGCUUCCCUUUAGAGU	RBYBGR	hsa-miR-520h	nmiR03484.1:1	Hs	MIMAT0002867	HUMAN ENDOGENOUS	0
7	AACGCACUUCCCUUUAGAGUGU	GBGRBG	hsa-miR-521	nmiR03485.1:1	Hs	MIMAT0002854	HUMAN ENDOGENOUS	0
7	AAAAUGGUUCCCUUUAGAGUGU	GYBYGR	hsa-miR-522-3p	nmiR03486.1:1	Hs	MIMAT0002868	HUMAN ENDOGENOUS	0
7	GAACGCGCUUCCCUAUAGAGGGU	GYRGRG	hsa-miR-523-3p	nmiR03487.1:1	Hs	MIMAT0002840	HUMAN ENDOGENOUS	0
7	GCUAAGGAAGUCCUGUGCUCAG	RYRYRG	hsa-miR-4521	nmiR03488.1:1	Hs	MIMAT0019058	HUMAN ENDOGENOUS	0
7	GAAGGCGCUUCCCUUUGGAGU	BGRBGR	hsa-miR-524-3p	nmiR03489.1:1	Hs	MIMAT0002850	HUMAN ENDOGENOUS	0
7	CUACAAAGGGAAGCACUUUCUC	GRBGRG	hsa-miR-524-5p	nmiR03490.1:1	Hs	MIMAT0002849	HUMAN ENDOGENOUS	0
7	GAAGGCGCUUCCCUUUAGAGCG	GBYBYB	hsa-miR-525-3p	nmiR03491.1:1	Hs	MIMAT0002839	HUMAN ENDOGENOUS	0
7	CUCCAGAGGGAUGCACUUUCU	RGRGBG	hsa-miR-525-5p	nmiR03492.1:1	Hs	MIMAT0002838	HUMAN ENDOGENOUS	0
7	CUCUAGAGGGAAGCACUUUCUG	BGYRYG	hsa-miR-526a+hsa-miR-520c-5p+hsa-miR-518d-5p	nmiR03493.1:1	Hs	MIMAT0002845	HUMAN ENDOGENOUS	0
7	CUCUUGAGGGAAGCACUUUCUGU	GBYRGR	hsa-miR-526b-5p	nmiR03494.1:1	Hs	MIMAT0002835	HUMAN ENDOGENOUS	0
7	CCUCCCACACCCAAGGCUUGCA	YRYBRY	hsa-miR-532-3p	nmiR03495.1:1	Hs	MIMAT0004780	HUMAN ENDOGENOUS	0
7	CAUGCCUUGAGUGUAGGACCGU	BRYGBR	hsa-miR-532-5p	nmiR03496.1:1	Hs	MIMAT0002888	HUMAN ENDOGENOUS	0
7	GGAGAAAUUAUCCUUGGUGUGU	YRGYGY	hsa-miR-539-5p	nmiR03497.1:1	Hs	MIMAT0003163	HUMAN ENDOGENOUS	0
7	UGGUGGGCACAGAAUCUGGACU	BYGRGB	hsa-miR-541-3p	nmiR03498.1:1	Hs	MIMAT0004920	HUMAN ENDOGENOUS	0
7	UGUGACAGAUUGAUAACUGAAA	BRGBYR	hsa-miR-542-3p	nmiR03499.1:1	Hs	MIMAT0003389	HUMAN ENDOGENOUS	0
7	UCGGGGAUCAUCAUGUCACGAGA	GRBRBY	hsa-miR-542-5p	nmiR03500.1:1	Hs	MIMAT0003340	HUMAN ENDOGENOUS	0
7	AAACAUUCGCGGUGCACUUCUU	YRBRGR	hsa-miR-543	nmiR03501.1:1	Hs	MIMAT0004954	HUMAN ENDOGENOUS	0
7	ACCUGAGGUUGUGCAUUUCUAA	GBGYBY	hsa-miR-544b	nmiR03502.1:1	Hs	MIMAT0015004	HUMAN ENDOGENOUS	0
7	AAUGGAUUUUUGGAGCAGG	BYGRGR	hsa-miR-1246	nmiR03503.1:1	Hs	MIMAT0005898	HUMAN ENDOGENOUS	0
7	UCAGCAAACAUUUAUUGUGUGC	RYRBGB	hsa-miR-545-3p	nmiR03504.1:1	Hs	MIMAT0003165	HUMAN ENDOGENOUS	0
7	CAAAACUGGCAAUUACUUUUGC	RBYGYB	hsa-miR-548a-3p	nmiR03505.1:1	Hs	MIMAT0003251	HUMAN ENDOGENOUS	0
7	AAAAGUAAUUGUGGAUUUUGCU	GBYRBG	hsa-miR-548ab	nmiR03506.1:1	Hs	MIMAT0018928	HUMAN ENDOGENOUS	0
7	CAAAAACCGGCAAUUACUUUUG	GRGRBG	hsa-miR-548ac	nmiR03507.1:1	Hs	MIMAT0018938	HUMAN ENDOGENOUS	0
7	GAAAACGACAAUGACUUUUGCA	RGBYBG	hsa-miR-548ad	nmiR03508.1:1	Hs	MIMAT0018946	HUMAN ENDOGENOUS	0
7	CAAAAACUGCAAUUACUUUCA	GRYBRY	hsa-miR-548ae	nmiR03509.1:1	Hs	MIMAT0018954	HUMAN ENDOGENOUS	0
7	AAAGGUAAUUGUGGUUUCUGC	RBGBGY	hsa-miR-548ag	nmiR03510.1:1	Hs	MIMAT0018969	HUMAN ENDOGENOUS	0
7	AAAAGUGAUUGCAGUGUUUG	RBYRGR	hsa-miR-548ah-5p	nmiR03511.1:1	Hs	MIMAT0018972	HUMAN ENDOGENOUS	0
7	UAAAAACUGCAAUUACUUUUA	GBRBGB	hsa-miR-548aj-3p	nmiR03512.1:1	Hs	MIMAT0018990	HUMAN ENDOGENOUS	0
7	AAAAGUAACUGCGGUUUUUGA	BYRYRB	hsa-miR-548ak	nmiR03513.1:1	Hs	MIMAT0019013	HUMAN ENDOGENOUS	0
7	AACGGCAAUGACUUUUGUACCA	RGYBYB	hsa-miR-548al	nmiR03514.1:1	Hs	MIMAT0019024	HUMAN ENDOGENOUS	0
7	CAAAAACUGCAGUUACUUUUGU	BRGBRB	hsa-miR-548am-3p	nmiR03515.1:1	Hs	MIMAT0019076	HUMAN ENDOGENOUS	0
7	AAAAGGCAUUGUGGUUUUUG	BYBYRG	hsa-miR-548an	nmiR03516.1:1	Hs	MIMAT0019079	HUMAN ENDOGENOUS	0
7	CAAGAACCUCAGUUGCUUUUGU	GYGRBY	hsa-miR-548b-3p	nmiR03517.1:1	Hs	MIMAT0003254	HUMAN ENDOGENOUS	0
7	AAAAGUAAUUGUGGUUUUGGCC	GRGYGY	hsa-miR-548b-5p	nmiR03518.1:1	Hs	MIMAT0004798	HUMAN ENDOGENOUS	0
7	CAAAAAUCUCAAUUACUUUUGC	YGYRGR	hsa-miR-548c-3p	nmiR03519.1:1	Hs	MIMAT0003285	HUMAN ENDOGENOUS	0
7	AAAAGUAAUUGCGGUUUUUGCC	YRBGRB	hsa-miR-548c-5p	nmiR03520.1:1	Hs	MIMAT0004806	HUMAN ENDOGENOUS	0
7	CAAAAACCACAGUUUCUUUUGC	BYBRYG	hsa-miR-548d-3p	nmiR03521.1:1	Hs	MIMAT0003323	HUMAN ENDOGENOUS	0
7	AAAAGUAAUUGUGGUUUUUGCC	BYRYGY	hsa-miR-548d-5p	nmiR03522.1:1	Hs	MIMAT0004812	HUMAN ENDOGENOUS	0
7	AAAAACUGAGACUACUUUUGCA	YBGYRY	hsa-miR-548e	nmiR03523.1:1	Hs	MIMAT0005874	HUMAN ENDOGENOUS	0
7	AAAAACUGUAAUUACUUUU	YRYBGR	hsa-miR-548f	nmiR03524.1:1	Hs	MIMAT0005895	HUMAN ENDOGENOUS	0
7	AAAACUGUAAUUACUUUUGUAC	GRBYGR	hsa-miR-548g-3p	nmiR03525.1:1	Hs	MIMAT0005912	HUMAN ENDOGENOUS	0
7	AAAAGUAAUCGCGGUUUUUGUC	GBGRGB	hsa-miR-548h-5p	nmiR03526.1:1	Hs	MIMAT0005928	HUMAN ENDOGENOUS	0
7	AAAAGUAAUUGCGGAUUUUGCC	RBRGRG	hsa-miR-548i	nmiR03527.1:1	Hs	MIMAT0005935	HUMAN ENDOGENOUS	0
7	AAAAGUACUUGCGGAUUUUGCU	BGRYBY	hsa-miR-548k	nmiR03528.1:1	Hs	MIMAT0005882	HUMAN ENDOGENOUS	0
7	AAAAGUAUUUGCGGGUUUUGUC	RBRGBY	hsa-miR-548l	nmiR03529.1:1	Hs	MIMAT0005889	HUMAN ENDOGENOUS	0
7	CAAAGGUAUUUGUGGUUUUUG	GYRGYR	hsa-miR-548m	nmiR03530.1:1	Hs	MIMAT0005917	HUMAN ENDOGENOUS	0
7	CAAAAGUAAUUGUGGAUUUUGU	RYBRBR	hsa-miR-548n	nmiR03531.1:1	Hs	MIMAT0005916	HUMAN ENDOGENOUS	0
7	CCAAAACUGCAGUUACUUUUGC	GRBRYR	hsa-miR-548o-3p	nmiR03532.1:1	Hs	MIMAT0005919	HUMAN ENDOGENOUS	0
7	GCUGGUGCAAAAGUAAUGGCGG	YRYGYB	hsa-miR-548q	nmiR03533.1:1	Hs	MIMAT0011163	HUMAN ENDOGENOUS	0
7	AUGGCCAAAACUGCAGUUAUUUU	RYBYGB	hsa-miR-548s	nmiR03534.1:1	Hs	MIMAT0014987	HUMAN ENDOGENOUS	0
7	CAAAAGUGAUCGUGGUUUUUG	RGRBRG	hsa-miR-548t-5p	nmiR03535.1:1	Hs	MIMAT0015009	HUMAN ENDOGENOUS	0
7	CAAAGACUGCAAUUACUUUUGCG	YGRGRG	hsa-miR-548u	nmiR03536.1:1	Hs	MIMAT0015013	HUMAN ENDOGENOUS	0
7	AGCUACAGUUACUUUUGCACCA	GYBYBY	hsa-miR-548v	nmiR03537.1:1	Hs	MIMAT0015020	HUMAN ENDOGENOUS	0
7	AAAAGUAACUGCGGUUUUUGCCU	GBRBYR	hsa-miR-548w	nmiR03538.1:1	Hs	MIMAT0015060	HUMAN ENDOGENOUS	0
7	UAAAAACUGCAAUUACUUUC	RGBGBR	hsa-miR-548x-3p	nmiR03539.1:1	Hs	MIMAT0015081	HUMAN ENDOGENOUS	0
7	AAAAGUAAUCACUGUUUUUGCC	YGBRBR	hsa-miR-548y	nmiR03540.1:1	Hs	MIMAT0018354	HUMAN ENDOGENOUS	0
7	CAAAAACCGCAAUUACUUUUGCA	GYGYBG	hsa-miR-548z	nmiR03541.1:1	Hs	MIMAT0018446	HUMAN ENDOGENOUS	0
7	AGUGCCUGAGGGAGUAAGAGCCC	BRYRGR	hsa-miR-550a-5p	nmiR03542.1:1	Hs	MIMAT0004800	HUMAN ENDOGENOUS	0
7	UCUUACUCCCUCAGGCACUG	GRGYBR	hsa-miR-550b-3p	nmiR03543.1:1	Hs	MIMAT0018445	HUMAN ENDOGENOUS	0
7	GCGACCCACUCUUGGUUUCCA	RYGYGR	hsa-miR-551a	nmiR03544.1:1	Hs	MIMAT0003214	HUMAN ENDOGENOUS	0
7	GCGACCCAUACUUGGUUUCAG	GYGRYR	hsa-miR-551b-3p	nmiR03545.1:1	Hs	MIMAT0003233	HUMAN ENDOGENOUS	0
7	AACAGGUGACUGGUUAGACAA	YRBGBR	hsa-miR-552	nmiR03546.1:1	Hs	MIMAT0003215	HUMAN ENDOGENOUS	0
7	AAAACGGUGAGAUUUUGUUUU	RBYBGB	hsa-miR-553	nmiR03547.1:1	Hs	MIMAT0003216	HUMAN ENDOGENOUS	0
7	GCUAGUCCUGACUCAGCCAGU	BRGRGB	hsa-miR-554	nmiR03548.1:1	Hs	MIMAT0003217	HUMAN ENDOGENOUS	0
7	AGGGUAAGCUGAACCUCUGAU	YGYBRG	hsa-miR-555	nmiR03549.1:1	Hs	MIMAT0003219	HUMAN ENDOGENOUS	0
7	AUAUUACCAUUAGCUCAUCUUU	GBYGRG	hsa-miR-556-3p	nmiR03550.1:1	Hs	MIMAT0004793	HUMAN ENDOGENOUS	0
7	GAUGAGCUCAUUGUAAUAUGAG	GRGBYG	hsa-miR-556-5p	nmiR03551.1:1	Hs	MIMAT0003220	HUMAN ENDOGENOUS	0
7	GUUUGCACGGGUGGGCCUUGUCU	BRGYRY	hsa-miR-557	nmiR03552.1:1	Hs	MIMAT0003221	HUMAN ENDOGENOUS	0
7	UGAGCUGCUGUACCAAAAU	RYRGRB	hsa-miR-558	nmiR03553.1:1	Hs	MIMAT0003222	HUMAN ENDOGENOUS	0
7	UAAAGUAAAUAUGCACCAAAA	YGYBGB	hsa-miR-559	nmiR03554.1:1	Hs	MIMAT0003223	HUMAN ENDOGENOUS	0
7	CAAAGUUUAAGAUCCUUGAAGU	RBRYGY	hsa-miR-561-3p	nmiR03555.1:1	Hs	MIMAT0003225	HUMAN ENDOGENOUS	0
7	AAAGUAGCUGUACCAUUUGC	BGBGRY	hsa-miR-562	nmiR03556.1:1	Hs	MIMAT0003226	HUMAN ENDOGENOUS	0
7	AGGUUGACAUACGUUUCCC	BGRBYR	hsa-miR-563	nmiR03557.1:1	Hs	MIMAT0003227	HUMAN ENDOGENOUS	0
7	AGGCACGGUGUCAGCAGGC	RYBGBG	hsa-miR-564	nmiR03558.1:1	Hs	MIMAT0003228	HUMAN ENDOGENOUS	0
7	GGGCGCCUGUGAUCCCAAC	GRBGYG	hsa-miR-566	nmiR03559.1:1	Hs	MIMAT0003230	HUMAN ENDOGENOUS	0
7	AGUAUGUUCUUCCAGGACAGAAC	RYGRGY	hsa-miR-567	nmiR03560.1:1	Hs	MIMAT0003231	HUMAN ENDOGENOUS	0
7	AUGUAUAAAUGUAUACACAC	BYRGBR	hsa-miR-568	nmiR03561.1:1	Hs	MIMAT0003232	HUMAN ENDOGENOUS	0
7	UGAGUUGGCCAUCUGAGUGAG	GYBYRB	hsa-miR-571	nmiR03562.1:1	Hs	MIMAT0003236	HUMAN ENDOGENOUS	0
7	GUCCGCUCGGCGGUGGCCCA	RYRBYG	hsa-miR-572	nmiR03563.1:1	Hs	MIMAT0003237	HUMAN ENDOGENOUS	0
7	CUGAAGUGAUGUGUAACUGAUCAG	RBGYBG	hsa-miR-573	nmiR03564.1:1	Hs	MIMAT0003238	HUMAN ENDOGENOUS	0
7	CACGCUCAUGCACACACCCACA	RBYBYR	hsa-miR-574-3p	nmiR03565.1:1	Hs	MIMAT0003239	HUMAN ENDOGENOUS	0
7	UGAGUGUGUGUGUGUGAGUGUGU	BGRBRB	hsa-miR-574-5p	nmiR03566.1:1	Hs	MIMAT0004795	HUMAN ENDOGENOUS	0
7	GAGCCAGUUGGACAGGAGC	RBGBYB	hsa-miR-575	nmiR03567.1:1	Hs	MIMAT0003240	HUMAN ENDOGENOUS	0
7	AAGAUGUGGAAAAAUUGGAAUC	BRYBRG	hsa-miR-576-3p	nmiR03568.1:1	Hs	MIMAT0004796	HUMAN ENDOGENOUS	0
7	AUUCUAAUUUCUCCACGUCUUU	BYRBRY	hsa-miR-576-5p	nmiR03569.1:1	Hs	MIMAT0003241	HUMAN ENDOGENOUS	0
7	UCUACAAAGGAAAGCGCUUUCU	RYRYRY	hsa-miR-1283	nmiR03570.1:1	Hs	MIMAT0005799	HUMAN ENDOGENOUS	0.048
7	UAGAUAAAAUAUUGGUACCUG	YGYBYR	hsa-miR-577	nmiR03571.1:1	Hs	MIMAT0003242	HUMAN ENDOGENOUS	0
7	CUUCUUGUGCUCUAGGAUUGU	BRGYGR	hsa-miR-578	nmiR03572.1:1	Hs	MIMAT0003243	HUMAN ENDOGENOUS	0
7	UUCAUUUGGUAUAAACCGCGAUU	BRYBGB	hsa-miR-579	nmiR03573.1:1	Hs	MIMAT0003244	HUMAN ENDOGENOUS	0
7	UUGAGAAUGAUGAAUCAUUAGG	BRGYBG	hsa-miR-580	nmiR03574.1:1	Hs	MIMAT0003245	HUMAN ENDOGENOUS	0
7	UCUUGUGUUCUCUAGAUCAGU	BGRBGY	hsa-miR-581	nmiR03575.1:1	Hs	MIMAT0003246	HUMAN ENDOGENOUS	0
7	UAACUGGUUGAACAACUGAACC	BGYRBY	hsa-miR-582-3p	nmiR03576.1:1	Hs	MIMAT0004797	HUMAN ENDOGENOUS	0
7	UUACAGUUGUUCAACCAGUUACU	GRBGRY	hsa-miR-582-5p	nmiR03577.1:1	Hs	MIMAT0003247	HUMAN ENDOGENOUS	0
7	GAAGAUGGUGCUGUGCUGAGGAA	RBRYBR	hsa-miR-4647	nmiR03578.1:1	Hs	MIMAT0019709	HUMAN ENDOGENOUS	0
7	CAAAGAGGAAGGUCCCAUUAC	YRYRGB	hsa-miR-583	nmiR03579.1:1	Hs	MIMAT0003248	HUMAN ENDOGENOUS	0
7	UUAUGGUUUGCCUGGGACUGAG	YBYGRB	hsa-miR-584-5p	nmiR03580.1:1	Hs	MIMAT0003249	HUMAN ENDOGENOUS	0
7	UGGGCGUAUCUGUAUGCUA	GYGYGB	hsa-miR-585	nmiR03581.1:1	Hs	MIMAT0003250	HUMAN ENDOGENOUS	0
7	UAUGCAUUGUAUUUUUAGGUCC	BYGBRG	hsa-miR-586	nmiR03582.1:1	Hs	MIMAT0003252	HUMAN ENDOGENOUS	0
7	UUUCCAUAGGUGAUGAGUCAC	BYGYBY	hsa-miR-587	nmiR03583.1:1	Hs	MIMAT0003253	HUMAN ENDOGENOUS	0
7	UUGGCCACAAUGGGUUAGAAC	YGRYBR	hsa-miR-588	nmiR03584.1:1	Hs	MIMAT0003255	HUMAN ENDOGENOUS	0
7	UGAGAACCACGUCUGCUCUGAG	GBYRYR	hsa-miR-589-5p	nmiR03585.1:1	Hs	MIMAT0004799	HUMAN ENDOGENOUS	0
7	UAAUUUUAUGUAUAAGCUAGU	RGBRGR	hsa-miR-590-3p	nmiR03586.1:1	Hs	MIMAT0004801	HUMAN ENDOGENOUS	0
7	GAGCUUAUUCAUAAAAGUGCAG	BGBRYB	hsa-miR-590-5p	nmiR03587.1:1	Hs	MIMAT0003258	HUMAN ENDOGENOUS	0
7	AGACCAUGGGUUCUCAUUGU	GBRGYG	hsa-miR-591	nmiR03588.1:1	Hs	MIMAT0003259	HUMAN ENDOGENOUS	0
7	UUGUGUCAAUAUGCGAUGAUGU	GYRGRY	hsa-miR-592	nmiR03589.1:1	Hs	MIMAT0003260	HUMAN ENDOGENOUS	0
7	UGUCUCUGCUGGGGUUUCU	GRGBGR	hsa-miR-593-3p	nmiR03590.1:1	Hs	MIMAT0004802	HUMAN ENDOGENOUS	0
7	GAAGUGUGCCGUGGUGUGUCU	YRBRBG	hsa-miR-595	nmiR03591.1:1	Hs	MIMAT0003263	HUMAN ENDOGENOUS	0
7	AAGCCUGCCCGGCUCCUCGGG	RGBYGY	hsa-miR-596	nmiR03592.1:1	Hs	MIMAT0003264	HUMAN ENDOGENOUS	0
7	UACGUCAUCGUUGUCAUCGUCA	BYBRGB	hsa-miR-598	nmiR03593.1:1	Hs	MIMAT0003266	HUMAN ENDOGENOUS	0
7	GUUGUGUCAGUUUAUCAAAC	GBYBYG	hsa-miR-599	nmiR03594.1:1	Hs	MIMAT0003267	HUMAN ENDOGENOUS	0
7	ACUUACAGACAAGAGCCUUGCUC	GBGRYG	hsa-miR-600	nmiR03595.1:1	Hs	MIMAT0003268	HUMAN ENDOGENOUS	0
7	UGGUCUAGGAUUGUUGGAGGAG	BGYRYR	hsa-miR-601	nmiR03596.1:1	Hs	MIMAT0003269	HUMAN ENDOGENOUS	0
7	GACACGGGCGACAGCUGCGGCCC	YRYBRB	hsa-miR-602	nmiR03597.1:1	Hs	MIMAT0003270	HUMAN ENDOGENOUS	0
7	CACACACUGCAAUUACUUUUGC	YBGBGB	hsa-miR-603	nmiR03598.1:1	Hs	MIMAT0003271	HUMAN ENDOGENOUS	0
7	AGGCUGCGGAAUUCAGGAC	RBGYGB	hsa-miR-604	nmiR03599.1:1	Hs	MIMAT0003272	HUMAN ENDOGENOUS	0
7	UAAAUCCCAUGGUGCCUUCUCCU	RGYBGY	hsa-miR-605	nmiR03600.1:1	Hs	MIMAT0003273	HUMAN ENDOGENOUS	0
7	AAACUACUGAAAAUCAAAGAU	BYBRBY	hsa-miR-606	nmiR03601.1:1	Hs	MIMAT0003274	HUMAN ENDOGENOUS	0
7	GUUCAAAUCCAGAUCUAUAAC	YRGRBR	hsa-miR-607	nmiR03602.1:1	Hs	MIMAT0003275	HUMAN ENDOGENOUS	0
7	AGGGGUGGUGUUGGGACAGCUCCGU	YRGYGB	hsa-miR-608	nmiR03603.1:1	Hs	MIMAT0003276	HUMAN ENDOGENOUS	0
7	AGGGUGUUUCUCUCAUCUCU	YGBGBY	hsa-miR-609	nmiR03604.1:1	Hs	MIMAT0003277	HUMAN ENDOGENOUS	0
7	UGAGCUAAAUGUGUGCUGGGA	YBRBGR	hsa-miR-610	nmiR03605.1:1	Hs	MIMAT0003278	HUMAN ENDOGENOUS	0
7	GCGAGGACCCCUCGGGGUCUGAC	YBYRYG	hsa-miR-611	nmiR03606.1:1	Hs	MIMAT0003279	HUMAN ENDOGENOUS	0
7	GCUGGGCAGGGCUUCUGAGCUCCUU	YGYGBR	hsa-miR-612	nmiR03607.1:1	Hs	MIMAT0003280	HUMAN ENDOGENOUS	0
7	AGGAAUGUUCCUUCUUUGCC	RYGBYR	hsa-miR-613	nmiR03608.1:1	Hs	MIMAT0003281	HUMAN ENDOGENOUS	0
7	GAACGCCUGUUCUUGCCAGGUGG	BRYGRB	hsa-miR-614	nmiR03609.1:1	Hs	MIMAT0003282	HUMAN ENDOGENOUS	0
7	UCCGAGCCUGGGUCUCCCUCUU	YGYGYG	hsa-miR-615-3p	nmiR03610.1:1	Hs	MIMAT0003283	HUMAN ENDOGENOUS	0
7	GGGGGUCCCCGGUGCUCGGAUC	RBYBRY	hsa-miR-615-5p	nmiR03611.1:1	Hs	MIMAT0004804	HUMAN ENDOGENOUS	0
7	AGUCAUUGGAGGGUUUGAGCAG	RGRGRY	hsa-miR-616-3p	nmiR03612.1:1	Hs	MIMAT0004805	HUMAN ENDOGENOUS	0
7	AGACUUCCCAUUUGAAGGUGGC	YBGRYB	hsa-miR-617	nmiR03613.1:1	Hs	MIMAT0003286	HUMAN ENDOGENOUS	0
7	AAACUCUACUUGUCCUUCUGAGU	BRBGBY	hsa-miR-618	nmiR03614.1:1	Hs	MIMAT0003287	HUMAN ENDOGENOUS	0
7	GACCUGGACAUGUUUGUGCCCAGU	YGBGYR	hsa-miR-619	nmiR03615.1:1	Hs	MIMAT0003288	HUMAN ENDOGENOUS	0
7	AUGGAGAUAGAUAUAGAAAU	YBRBGB	hsa-miR-620	nmiR03616.1:1	Hs	MIMAT0003289	HUMAN ENDOGENOUS	0
7	GGCUAGCAACAGCGCUUACCU	RBRYGB	hsa-miR-621	nmiR03617.1:1	Hs	MIMAT0003290	HUMAN ENDOGENOUS	0
7	ACAGUCUGCUGAGGUUGGAGC	BGYBYB	hsa-miR-622	nmiR03618.1:1	Hs	MIMAT0003291	HUMAN ENDOGENOUS	0
7	AUCCCUUGCAGGGGCUGUUGGGU	YBYRYB	hsa-miR-623	nmiR03619.1:1	Hs	MIMAT0003292	HUMAN ENDOGENOUS	0
7	CACAAGGUAUUGGUAUUACCU	GYGRGB	hsa-miR-624-3p	nmiR03620.1:1	Hs	MIMAT0004807	HUMAN ENDOGENOUS	0
7	AGGGGGAAAGUUCUAUAGUCC	BRGRYB	hsa-miR-625-5p	nmiR03621.1:1	Hs	MIMAT0003294	HUMAN ENDOGENOUS	0
7	AGCUGUCUGAAAAUGUCUU	YRGBRB	hsa-miR-626	nmiR03622.1:1	Hs	MIMAT0003295	HUMAN ENDOGENOUS	0
7	GUGAGUCUCUAAGAAAAGAGGA	BGBGRB	hsa-miR-627	nmiR03623.1:1	Hs	MIMAT0003296	HUMAN ENDOGENOUS	0
7	UCUAGUAAGAGUGGCAGUCGA	RYRGRG	hsa-miR-628-3p	nmiR03624.1:1	Hs	MIMAT0003297	HUMAN ENDOGENOUS	0
7	AUGCUGACAUAUUUACUAGAGG	YGRYRG	hsa-miR-628-5p	nmiR03625.1:1	Hs	MIMAT0004809	HUMAN ENDOGENOUS	0
7	UGGGUUUACGUUGGGAGAACU	YGYGBG	hsa-miR-629-5p	nmiR03626.1:1	Hs	MIMAT0004810	HUMAN ENDOGENOUS	0
7	AGUAUUCUGUACCAGGGAAGGU	RYGBYG	hsa-miR-630	nmiR03627.1:1	Hs	MIMAT0003299	HUMAN ENDOGENOUS	0
7	AGACCUGGCCCAGACCUCAGC	BYBGYG	hsa-miR-631	nmiR03628.1:1	Hs	MIMAT0003300	HUMAN ENDOGENOUS	0
7	GUGUCUGCUUCCUGUGGGA	RYRGBY	hsa-miR-632	nmiR03629.1:1	Hs	MIMAT0003302	HUMAN ENDOGENOUS	0
7	CUAAUAGUAUCUACCACAAUAAA	GBRYBY	hsa-miR-633	nmiR03630.1:1	Hs	MIMAT0003303	HUMAN ENDOGENOUS	0
7	AACCAGCACCCCAACUUUGGAC	BYGRBY	hsa-miR-634	nmiR03631.1:1	Hs	MIMAT0003304	HUMAN ENDOGENOUS	0
7	ACUUGGGCACUGAAACAAUGUCC	BRGYGY	hsa-miR-635	nmiR03632.1:1	Hs	MIMAT0003305	HUMAN ENDOGENOUS	0
7	UGUGCUUGCUCGUCCCGCCCGCA	GYGYRY	hsa-miR-636	nmiR03633.1:1	Hs	MIMAT0003306	HUMAN ENDOGENOUS	0
7	ACUGGGGGCUUUCGGGCUCUGCGU	YGBRGY	hsa-miR-637	nmiR03634.1:1	Hs	MIMAT0003307	HUMAN ENDOGENOUS	0
7	AGGGAUCGCGGGCGGGUGGCGGCCU	BYRBYR	hsa-miR-638	nmiR03635.1:1	Hs	MIMAT0003308	HUMAN ENDOGENOUS	0
7	AUCGCUGCGGUUGCGAGCGCUGU	YBGYBR	hsa-miR-639	nmiR03636.1:1	Hs	MIMAT0003309	HUMAN ENDOGENOUS	0
7	AUGAUCCAGGAACCUGCCUCU	YRBYGR	hsa-miR-640	nmiR03637.1:1	Hs	MIMAT0003310	HUMAN ENDOGENOUS	0
7	AAAGACAUAGGAUAGAGUCACCUC	RGBRYR	hsa-miR-641	nmiR03638.1:1	Hs	MIMAT0003311	HUMAN ENDOGENOUS	0
7	GUCCCUCUCCAAAUGUGUCUUG	YGRYGB	hsa-miR-642a-5p	nmiR03639.1:1	Hs	MIMAT0003312	HUMAN ENDOGENOUS	0
7	AGACACAUUUGGAGAGGGACCC	YGYGYB	hsa-miR-642b-3p	nmiR03640.1:1	Hs	MIMAT0018444	HUMAN ENDOGENOUS	0
7	ACUUGUAUGCUAGCUCAGGUAG	GBYRYB	hsa-miR-643	nmiR03641.1:1	Hs	MIMAT0003313	HUMAN ENDOGENOUS	0
7	CGGGCUGUCCGGAGGGGUCGGCU	RYGRGB	hsa-miR-4741	nmiR03642.1:1	Hs	MIMAT0019871	HUMAN ENDOGENOUS	0
7	AGUGUGGCUUUCUUAGAGC	RBRBRG	hsa-miR-644a	nmiR03643.1:1	Hs	MIMAT0003314	HUMAN ENDOGENOUS	0
7	UCUAGGCUGGUACUGCUGA	YBRGRG	hsa-miR-645	nmiR03644.1:1	Hs	MIMAT0003315	HUMAN ENDOGENOUS	0
7	AAGCAGCUGCCUCUGAGGC	BGYGBG	hsa-miR-646	nmiR03645.1:1	Hs	MIMAT0003316	HUMAN ENDOGENOUS	0
7	GUGGCUGCACUCACUUCCUUC	RBYRBG	hsa-miR-647	nmiR03646.1:1	Hs	MIMAT0003317	HUMAN ENDOGENOUS	0
7	AAGUGUGCAGGGCACUGGU	GRYRYG	hsa-miR-648	nmiR03647.1:1	Hs	MIMAT0003318	HUMAN ENDOGENOUS	0
7	AAACCUGUGUUGUUCAAGAGUC	YRBYBG	hsa-miR-649	nmiR03648.1:1	Hs	MIMAT0003319	HUMAN ENDOGENOUS	0
7	AGGAGGCAGCGCUCUCAGGAC	GYBGYG	hsa-miR-650	nmiR03649.1:1	Hs	MIMAT0003320	HUMAN ENDOGENOUS	0
7	UUUAGGAUAAGCUUGACUUUUG	YBRGBY	hsa-miR-651	nmiR03650.1:1	Hs	MIMAT0003321	HUMAN ENDOGENOUS	0
7	AAUGGCGCCACUAGGGUUGUG	RBRYBY	hsa-miR-652-3p	nmiR03651.1:1	Hs	MIMAT0003322	HUMAN ENDOGENOUS	0
7	GUGUUGAAACAAUCUCUACUG	BRYGRY	hsa-miR-653	nmiR03652.1:1	Hs	MIMAT0003328	HUMAN ENDOGENOUS	0
7	UAUGUCUGCUGACCAUCACCUU	BYGBRY	hsa-miR-654-3p	nmiR03653.1:1	Hs	MIMAT0004814	HUMAN ENDOGENOUS	0
7	UGGUGGGCCGCAGAACAUGUGC	RYGYRY	hsa-miR-654-5p	nmiR03654.1:1	Hs	MIMAT0003330	HUMAN ENDOGENOUS	0
7	AUAAUACAUGGUUAACCUCUUU	GYRBYR	hsa-miR-655	nmiR03655.1:1	Hs	MIMAT0003331	HUMAN ENDOGENOUS	0
7	AAUAUUAUACAGUCAACCUCU	RGYBGR	hsa-miR-656	nmiR03656.1:1	Hs	MIMAT0003332	HUMAN ENDOGENOUS	0
7	GGCAGGUUCUCACCCUCUCUAGG	GBGYBR	hsa-miR-657	nmiR03657.1:1	Hs	MIMAT0003335	HUMAN ENDOGENOUS	0
7	GGCGGAGGGAAGUAGGUCCGUUGGU	RYBGBR	hsa-miR-658	nmiR03658.1:1	Hs	MIMAT0003336	HUMAN ENDOGENOUS	0
7	CUUGGUUCAGGGAGGGUCCCCA	BRBYGR	hsa-miR-659-3p	nmiR03659.1:1	Hs	MIMAT0003337	HUMAN ENDOGENOUS	0
7	UACCCAUUGCAUAUCGGAGUUG	GRBGYR	hsa-miR-660-5p	nmiR03660.1:1	Hs	MIMAT0003338	HUMAN ENDOGENOUS	0
7	UGCCUGGGUCUCUGGCCUGCGCGU	YRBRYR	hsa-miR-661	nmiR03661.1:1	Hs	MIMAT0003324	HUMAN ENDOGENOUS	0
7	UCCCACGUUGUGGCCCAGCAG	RBRBGB	hsa-miR-662	nmiR03662.1:1	Hs	MIMAT0003325	HUMAN ENDOGENOUS	0
7	GGUGGCCCGGCCGUGCCUGAGG	YRYBYB	hsa-miR-663b	nmiR03663.1:1	Hs	MIMAT0005867	HUMAN ENDOGENOUS	0
7	AGGCGGGGCGCCGCGGGACCGC	RBYRYB	hsa-miR-663a	nmiR03664.1:1	Hs	MIMAT0003326	HUMAN ENDOGENOUS	0
7	UAUUCAUUUAUCCCCAGCCUACA	YBGRGB	hsa-miR-664-3p	nmiR03665.1:1	Hs	MIMAT0005949	HUMAN ENDOGENOUS	0
7	ACCAGGAGGCUGAGGCCCCU	GRGBRB	hsa-miR-665	nmiR03666.1:1	Hs	MIMAT0004952	HUMAN ENDOGENOUS	0
7	UGUCACUCGGCUCGGCCCACUAC	YGRBRG	hsa-miR-668	nmiR03667.1:1	Hs	MIMAT0003881	HUMAN ENDOGENOUS	0
7	CGGUGAGCGCUCGCUGGC	RGRYRG	hsa-miR-4792	nmiR03668.1:1	Hs	MIMAT0019964	HUMAN ENDOGENOUS	0
7	GUCCCUGAGUGUAUGUGGUG	RGYGBG	hsa-miR-670	nmiR03669.1:1	Hs	MIMAT0010357	HUMAN ENDOGENOUS	0
7	UCCGGUUCUCAGGGCUCCACC	GBGBYG	hsa-miR-671-3p	nmiR03670.1:1	Hs	MIMAT0004819	HUMAN ENDOGENOUS	0
7	AGGAAGCCCUGGAGGGGCUGGAG	BRBYBG	hsa-miR-671-5p	nmiR03671.1:1	Hs	MIMAT0003880	HUMAN ENDOGENOUS	0
7	UGGUGCGGAGAGGGCCCACAGUG	RYBGYG	hsa-miR-675-5p	nmiR03672.1:1	Hs	MIMAT0004284	HUMAN ENDOGENOUS	0
7	AAGGAGCUUACAAUCUAGCUGGG	GYBYRG	hsa-miR-708-5p	nmiR03673.1:1	Hs	MIMAT0004926	HUMAN ENDOGENOUS	0
7	GGGACCCAGGGAGAGACGUAAG	YGRYBY	hsa-miR-711	nmiR03674.1:1	Hs	MIMAT0012734	HUMAN ENDOGENOUS	0
7	CUUCCGCCCCGCCGGGCGUCG	GBRGBY	hsa-miR-718	nmiR03675.1:1	Hs	MIMAT0012735	HUMAN ENDOGENOUS	0
7	UCUCGCUGGGGCCUCCA	GRYGRY	hsa-miR-720	nmiR03676.1:1	Hs	MIMAT0005954	HUMAN ENDOGENOUS	0
7	UGCGGGGCUAGGGCUAACAGCA	RYGRBY	hsa-miR-744-5p	nmiR03677.1:1	Hs	MIMAT0004945	HUMAN ENDOGENOUS	0
7	UUUGUGACCUGGUCCACUAACC	BRGBGY	hsa-miR-758	nmiR03678.1:1	Hs	MIMAT0003879	HUMAN ENDOGENOUS	0
7	GCAGAGUGCAAACAAUUUUGAC	RGBRGY	hsa-miR-759	nmiR03679.1:1	Hs	MIMAT0010497	HUMAN ENDOGENOUS	0
7	CGGCUCUGGGUCUGUGGGGA	RYRBYR	hsa-miR-760	nmiR03680.1:1	Hs	MIMAT0004957	HUMAN ENDOGENOUS	0
7	GCAGCAGGGUGAAACUGACACA	BYRGYR	hsa-miR-761	nmiR03681.1:1	Hs	MIMAT0010364	HUMAN ENDOGENOUS	0
7	GGGGCUGGGGCCGGGGCCGAGC	BGYRGR	hsa-miR-762	nmiR03682.1:1	Hs	MIMAT0010313	HUMAN ENDOGENOUS	0
7	GCAGGUGCUCACUUGUCCUCCU	RBGYBR	hsa-miR-764	nmiR03683.1:1	Hs	MIMAT0010367	HUMAN ENDOGENOUS	0
7	UGGAGGAGAAGGAAGGUGAUG	GYBRBR	hsa-miR-765	nmiR03684.1:1	Hs	MIMAT0003945	HUMAN ENDOGENOUS	0
7	ACUCCAGCCCCACAGCCUCAGC	BRBRYR	hsa-miR-766-3p	nmiR03685.1:1	Hs	MIMAT0003888	HUMAN ENDOGENOUS	0
7	UCUGCUCAUACCCCAUGGUUUCU	BYRBRB	hsa-miR-767-3p	nmiR03686.1:1	Hs	MIMAT0003883	HUMAN ENDOGENOUS	0
7	UGCACCAUGGUUGUCUGAGCAUG	BRYBYB	hsa-miR-767-5p	nmiR03687.1:1	Hs	MIMAT0003882	HUMAN ENDOGENOUS	0
7	CUGGGAUCUCCGGGGUCUUGGUU	RGYGYB	hsa-miR-769-3p	nmiR03688.1:1	Hs	MIMAT0003887	HUMAN ENDOGENOUS	0
7	UGAGACCUCUGGGUUCUGAGCU	GYBYGB	hsa-miR-769-5p	nmiR03689.1:1	Hs	MIMAT0003886	HUMAN ENDOGENOUS	0
7	UCCAGUACCACGUGUCAGGGCCA	BGRBRG	hsa-miR-770-5p	nmiR03690.1:1	Hs	MIMAT0003948	HUMAN ENDOGENOUS	0
7	CAGUAACAAAGAUUCAUCCUUGU	BGYRBG	hsa-miR-802	nmiR03691.1:1	Hs	MIMAT0004185	HUMAN ENDOGENOUS	0
7	GCAGGAACUUGUGAGUCUCCU	YBYBRG	hsa-miR-873-5p	nmiR03692.1:1	Hs	MIMAT0004953	HUMAN ENDOGENOUS	0
7	CUGCCCUGGCCCGAGGGACCGA	GRBYBG	hsa-miR-874	nmiR03693.1:1	Hs	MIMAT0004911	HUMAN ENDOGENOUS	0
7	CCUGGAAACACUGAGGUUGUG	GYBRYG	hsa-miR-875-3p	nmiR03694.1:1	Hs	MIMAT0004923	HUMAN ENDOGENOUS	0
7	UAUACCUCAGUUUUAUCAGGUG	YGBGYG	hsa-miR-875-5p	nmiR03695.1:1	Hs	MIMAT0004922	HUMAN ENDOGENOUS	0
7	UGGUGGUUUACAAAGUAAUUCA	RYBYRG	hsa-miR-876-3p	nmiR03696.1:1	Hs	MIMAT0004925	HUMAN ENDOGENOUS	0
7	UGGAUUUCUUUGUGAAUCACCA	GYRYGY	hsa-miR-876-5p	nmiR03697.1:1	Hs	MIMAT0004924	HUMAN ENDOGENOUS	0
7	GUAGAGGAGAUGGCGCAGGG	GRGBGY	hsa-miR-877-5p	nmiR03698.1:1	Hs	MIMAT0004949	HUMAN ENDOGENOUS	0
7	AGGCAGCGGGGUGUAGUGGAUA	RYGBRY	hsa-miR-885-3p	nmiR03699.1:1	Hs	MIMAT0004948	HUMAN ENDOGENOUS	0
7	UCCAUUACACUACCCUGCCUCU	BYBYBY	hsa-miR-885-5p	nmiR03700.1:1	Hs	MIMAT0004947	HUMAN ENDOGENOUS	0
7	GUGAACGGGCGCCAUCCCGAGG	YRBRGY	hsa-miR-887	nmiR03701.1:1	Hs	MIMAT0004951	HUMAN ENDOGENOUS	0
7	UACUCAAAAAGCUGUCAGUCA	BYBGRY	hsa-miR-888-5p	nmiR03702.1:1	Hs	MIMAT0004916	HUMAN ENDOGENOUS	0
7	UACUUGGAAAGGCAUCAGUUG	BRYBGR	hsa-miR-890	nmiR03703.1:1	Hs	MIMAT0004912	HUMAN ENDOGENOUS	0
7	UGCAACGAACCUGAGCCACUGA	RGYRGR	hsa-miR-891a	nmiR03704.1:1	Hs	MIMAT0004902	HUMAN ENDOGENOUS	0
7	UGCAACUUACCUGAGUCAUUGA	YRGYBR	hsa-miR-891b	nmiR03705.1:1	Hs	MIMAT0004913	HUMAN ENDOGENOUS	0
7	CACUGUGUCCUUUCUGCGUAG	BGBGBR	hsa-miR-892a	nmiR03706.1:1	Hs	MIMAT0004907	HUMAN ENDOGENOUS	0
7	CACUGGCUCCUUUCUGGGUAGA	BGRBGB	hsa-miR-892b	nmiR03707.1:1	Hs	MIMAT0004918	HUMAN ENDOGENOUS	0
7	GGGGAGCUGUGGAAGCAGUA	YBRYRB	hsa-miR-920	nmiR03708.1:1	Hs	MIMAT0004970	HUMAN ENDOGENOUS	0
7	CUAGUGAGGGACAGAACCAGGAUUC	YBYBGB	hsa-miR-921	nmiR03709.1:1	Hs	MIMAT0004971	HUMAN ENDOGENOUS	0
7	GCAGCAGAGAAUAGGACUACGUC	BGYRYB	hsa-miR-922	nmiR03710.1:1	Hs	MIMAT0004972	HUMAN ENDOGENOUS	0
7	AGAGUCUUGUGAUGUCUUGC	RBGRGB	hsa-miR-924	nmiR03711.1:1	Hs	MIMAT0004974	HUMAN ENDOGENOUS	0
7	UGUGCGCAGGGAGACCUCUCCC	GRBGRB	hsa-miR-933	nmiR03712.1:1	Hs	MIMAT0004976	HUMAN ENDOGENOUS	0
7	UGUCUACUACUGGAGACACUGG	BRYGBG	hsa-miR-934	nmiR03713.1:1	Hs	MIMAT0004977	HUMAN ENDOGENOUS	0
7	CCAGUUACCGCUUCCGCUACCGC	RGYRBG	hsa-miR-935	nmiR03714.1:1	Hs	MIMAT0004978	HUMAN ENDOGENOUS	0
7	ACAGUAGAGGGAGGAAUCGCAG	BYGYBG	hsa-miR-936	nmiR03715.1:1	Hs	MIMAT0004979	HUMAN ENDOGENOUS	0
7	AUCCGCGCUCUGACUCUCUGCC	YRGBYG	hsa-miR-937	nmiR03716.1:1	Hs	MIMAT0004980	HUMAN ENDOGENOUS	0
7	UGCCCUUAAAGGUGAACCCAGU	BGBGYG	hsa-miR-938	nmiR03717.1:1	Hs	MIMAT0004981	HUMAN ENDOGENOUS	0
7	UGGGGAGCUGAGGCUCUGGGGGUG	YGBYRG	hsa-miR-939	nmiR03718.1:1	Hs	MIMAT0004982	HUMAN ENDOGENOUS	0
7	AAGGCAGGGCCCCCGCUCCCC	YGRGBY	hsa-miR-940	nmiR03719.1:1	Hs	MIMAT0004983	HUMAN ENDOGENOUS	0
7	CACCCGGCUGUGUGCACAUGUGC	RGRYBY	hsa-miR-941	nmiR03720.1:1	Hs	MIMAT0004984	HUMAN ENDOGENOUS	0
7	UCUUCUCUGUUUUGGCCAUGUG	BYRBGY	hsa-miR-942	nmiR03721.1:1	Hs	MIMAT0004985	HUMAN ENDOGENOUS	0
7	CUGACUGUUGCCGUCCUCCAG	GBGRBY	hsa-miR-943	nmiR03722.1:1	Hs	MIMAT0004986	HUMAN ENDOGENOUS	0
7	AAAUUAUUGUACAUCGGAUGAG	YBGBRY	hsa-miR-944	nmiR03723.1:1	Hs	MIMAT0004987	HUMAN ENDOGENOUS	0
7	UUGCUCACUGUUCUUCCCUAG	RBGYRY	hsa-miR-1178	nmiR03724.1:1	Hs	MIMAT0005823	HUMAN ENDOGENOUS	0
7	AAGCAUUCUUUCAUUGGUUGG	BRBRGY	hsa-miR-1179	nmiR03725.1:1	Hs	MIMAT0005824	HUMAN ENDOGENOUS	0
7	UUUCCGGCUCGCGUGGGUGUGU	RYRGYR	hsa-miR-1180	nmiR03726.1:1	Hs	MIMAT0005825	HUMAN ENDOGENOUS	0
7	CCGUCGCCGCCACCCGAGCCG	GRYBGR	hsa-miR-1181	nmiR03727.1:1	Hs	MIMAT0005826	HUMAN ENDOGENOUS	0
7	GAGGGUCUUGGGAGGGAUGUGAC	YRYRGR	hsa-miR-1182	nmiR03728.1:1	Hs	MIMAT0005827	HUMAN ENDOGENOUS	0
7	CACUGUAGGUGAUGGUGAGAGUGGGCA	BRGYBR	hsa-miR-1183	nmiR03729.1:1	Hs	MIMAT0005828	HUMAN ENDOGENOUS	0
7	CCUGCAGCGACUUGAUGGCUUCC	GYGYGR	hsa-miR-1184	nmiR03730.1:1	Hs	MIMAT0005829	HUMAN ENDOGENOUS	0
7	AGAGGAUACCCUUUGUAUGUU	BYGRYR	hsa-miR-1185-5p	nmiR03731.1:1	Hs	MIMAT0005798	HUMAN ENDOGENOUS	0
7	GGGAUGGUAGACCGGUGACGUGC	RGRBGB	hsa-miR-1193	nmiR03732.1:1	Hs	MIMAT0015049	HUMAN ENDOGENOUS	0
7	UAGGACACAUGGUCUACUUCU	GBRYRB	hsa-miR-1197	nmiR03733.1:1	Hs	MIMAT0005955	HUMAN ENDOGENOUS	0
7	CUCCUGAGCCAUUCUGAGCCUC	BRYGYB	hsa-miR-1200	nmiR03734.1:1	Hs	MIMAT0005863	HUMAN ENDOGENOUS	0
7	GUGCCAGCUGCAGUGGGGGAG	RGYRYB	hsa-miR-1202	nmiR03735.1:1	Hs	MIMAT0005865	HUMAN ENDOGENOUS	0
7	CCCGGAGCCAGGAUGCAGCUC	YRGRGB	hsa-miR-1203	nmiR03736.1:1	Hs	MIMAT0005866	HUMAN ENDOGENOUS	0
7	UCGUGGCCUGGUCUCCAUUAU	YGBYGB	hsa-miR-1204	nmiR03737.1:1	Hs	MIMAT0005868	HUMAN ENDOGENOUS	0
7	UCUGCAGGGUUUGCUUUGAG	BGRGRG	hsa-miR-1205	nmiR03738.1:1	Hs	MIMAT0005869	HUMAN ENDOGENOUS	0
7	UGUUCAUGUAGAUGUUUAAGC	GRYGBG	hsa-miR-1206	nmiR03739.1:1	Hs	MIMAT0005870	HUMAN ENDOGENOUS	0
7	UCAGCUGGCCCUCAUUUC	YRYRBG	hsa-miR-1207-3p	nmiR03740.1:1	Hs	MIMAT0005872	HUMAN ENDOGENOUS	0
7	UCACUGUUCAGACAGGCGGA	RBYBRG	hsa-miR-1208	nmiR03741.1:1	Hs	MIMAT0005873	HUMAN ENDOGENOUS	0
7	CCCCACCUCCUCUCUCCUCAG	YBYGRG	hsa-miR-1224-3p	nmiR03742.1:1	Hs	MIMAT0005459	HUMAN ENDOGENOUS	0
7	UGAGCCCCUGUGCCGCCCCCAG	RGBGYG	hsa-miR-1225-3p	nmiR03743.1:1	Hs	MIMAT0005573	HUMAN ENDOGENOUS	0
7	GUGGGUACGGCCCAGUGGGGGG	YGBRYG	hsa-miR-1225-5p	nmiR03744.1:1	Hs	MIMAT0005572	HUMAN ENDOGENOUS	0
7	UCACCAGCCCUGUGUUCCCUAG	BGBYRG	hsa-miR-1226-3p	nmiR03745.1:1	Hs	MIMAT0005577	HUMAN ENDOGENOUS	0
7	CGUGCCACCCUUUUCCCCAG	YBRYGY	hsa-miR-1227	nmiR03746.1:1	Hs	MIMAT0005580	HUMAN ENDOGENOUS	0
7	UCACACCUGCCUCGCCCCCC	RBGRBY	hsa-miR-1228-3p	nmiR03747.1:1	Hs	MIMAT0005583	HUMAN ENDOGENOUS	0
7	CUCUCACCACUGCCCUCCCACAG	GBGBRY	hsa-miR-1229	nmiR03748.1:1	Hs	MIMAT0005584	HUMAN ENDOGENOUS	0
7	GUGUCUGGGCGGACAGCUGC	RYBYBY	hsa-miR-1231	nmiR03749.1:1	Hs	MIMAT0005586	HUMAN ENDOGENOUS	0
7	UGAGCCCUGUCCUCCCGCAG	BYGBGR	hsa-miR-1233	nmiR03750.1:1	Hs	MIMAT0005588	HUMAN ENDOGENOUS	0
7	UCGGCCUGACCACCCACCCCAC	GYRGRB	hsa-miR-1234	nmiR03751.1:1	Hs	MIMAT0005589	HUMAN ENDOGENOUS	0
7	CCUCUUCCCCUUGUCUCUCCAG	YBRBRB	hsa-miR-1236	nmiR03752.1:1	Hs	MIMAT0005591	HUMAN ENDOGENOUS	0
7	GGUUCUUAGCAUAGGAGGUCU	GRYGYB	hsa-miR-2116-5p	nmiR03753.1:1	Hs	MIMAT0011160	HUMAN ENDOGENOUS	0
7	UCCUUCUGCUCCGUCCCCCAG	YRYRYB	hsa-miR-1237	nmiR03754.1:1	Hs	MIMAT0005592	HUMAN ENDOGENOUS	0
7	CUUCCUCGUCUGUCUGCCCC	BGBYGB	hsa-miR-1238	nmiR03755.1:1	Hs	MIMAT0005593	HUMAN ENDOGENOUS	0
7	AACUGGAUCAAUUAUAGGAGUG	RGRGRG	hsa-miR-1243	nmiR03756.1:1	Hs	MIMAT0005894	HUMAN ENDOGENOUS	0
7	AAGUAGUUGGUUUGUAUGAGAUGGUU	RYGYBG	hsa-miR-1244	nmiR03757.1:1	Hs	MIMAT0005896	HUMAN ENDOGENOUS	0
7	UCAGAUGAUCUAAAGGCCUAUA	BYBGBG	hsa-miR-1245b-3p	nmiR03758.1:1	Hs	MIMAT0019951	HUMAN ENDOGENOUS	0
7	UAGGCCUUUAGAUCACUUAAA	BGBRYG	hsa-miR-1245b-5p	nmiR03759.1:1	Hs	MIMAT0019950	HUMAN ENDOGENOUS	0
7	AAGUGAUCUAAAGGCCUACAU	RYRBGY	hsa-miR-1245a	nmiR03760.1:1	Hs	MIMAT0005897	HUMAN ENDOGENOUS	0
7	ACCCGUCCCGUUCGUCCCCGGA	YRGRBY	hsa-miR-1247-5p	nmiR03761.1:1	Hs	MIMAT0005899	HUMAN ENDOGENOUS	0
7	ACCUUCUUGUAUAAGCACUGUGCUAAA	BYGRGY	hsa-miR-1248	nmiR03762.1:1	Hs	MIMAT0005900	HUMAN ENDOGENOUS	0
7	ACGCCCUUCCCCCCCUUCUUCA	YGBYBY	hsa-miR-1249	nmiR03763.1:1	Hs	MIMAT0005901	HUMAN ENDOGENOUS	0
7	ACGGUGCUGGAUGUGGCCUUU	GBRGYR	hsa-miR-1250	nmiR03764.1:1	Hs	MIMAT0005902	HUMAN ENDOGENOUS	0
7	ACUCUAGCUGCCAAAGGCGCU	BRBGBR	hsa-miR-1251	nmiR03765.1:1	Hs	MIMAT0005903	HUMAN ENDOGENOUS	0
7	AGAAGGAAAUUGAAUUCAUUUA	RGBRBR	hsa-miR-1252	nmiR03766.1:1	Hs	MIMAT0005944	HUMAN ENDOGENOUS	0
7	AGAGAAGAAGAUCAGCCUGCA	YGRYRB	hsa-miR-1253	nmiR03767.1:1	Hs	MIMAT0005904	HUMAN ENDOGENOUS	0.005
7	AGCCUGGAAGCUGGAGCCUGCAGU	GBRBRB	hsa-miR-1254	nmiR03768.1:1	Hs	MIMAT0005905	HUMAN ENDOGENOUS	0
7	AGGAUGAGCAAAGAAAGUAGAUU	GBYRGB	hsa-miR-1255a	nmiR03769.1:1	Hs	MIMAT0005906	HUMAN ENDOGENOUS	0
7	CGGAUGAGCAAAGAAAGUGGUU	BYRBYG	hsa-miR-1255b-5p	nmiR03770.1:1	Hs	MIMAT0005945	HUMAN ENDOGENOUS	0
7	AGGCAUUGACUUCUCACUAGCU	GRYRBG	hsa-miR-1256	nmiR03771.1:1	Hs	MIMAT0005907	HUMAN ENDOGENOUS	0
7	AGUGAAUGAUGGGUUCUGACC	BGYBRG	hsa-miR-1257	nmiR03772.1:1	Hs	MIMAT0005908	HUMAN ENDOGENOUS	0
7	AGUUAGGAUUAGGUCGUGGAA	BRBGYG	hsa-miR-1258	nmiR03773.1:1	Hs	MIMAT0005909	HUMAN ENDOGENOUS	0
7	AUCCCACCACUGCCACCAU	YBRBGY	hsa-miR-1260b	nmiR03774.1:1	Hs	MIMAT0015041	HUMAN ENDOGENOUS	0
7	AUCCCACCUCUGCCACCA	YBYRBY	hsa-miR-1260a	nmiR03775.1:1	Hs	MIMAT0005911	HUMAN ENDOGENOUS	0
7	AUGGAUAAGGCUUUGGCUU	GYGRGY	hsa-miR-1261	nmiR03776.1:1	Hs	MIMAT0005913	HUMAN ENDOGENOUS	0
7	AUGGGUGAAUUUGUAGAAGGAU	YRGBRY	hsa-miR-1262	nmiR03777.1:1	Hs	MIMAT0005914	HUMAN ENDOGENOUS	0
7	AUGGUACCCUGGCAUACUGAGU	GRGYRY	hsa-miR-1263	nmiR03778.1:1	Hs	MIMAT0005915	HUMAN ENDOGENOUS	0
7	CAAGUCUUAUUUGAGCACCUGUU	RBRGYR	hsa-miR-1264	nmiR03779.1:1	Hs	MIMAT0005791	HUMAN ENDOGENOUS	0
7	CAGGAUGUGGUCAAGUGUUGUU	RYGBGR	hsa-miR-1265	nmiR03780.1:1	Hs	MIMAT0005918	HUMAN ENDOGENOUS	0
7	CCUCAGGGCUGUAGAACAGGGCU	GRBGBR	hsa-miR-1266	nmiR03781.1:1	Hs	MIMAT0005920	HUMAN ENDOGENOUS	0
7	CCUGUUGAAGUGUAAUCCCCA	BYBRGR	hsa-miR-1267	nmiR03782.1:1	Hs	MIMAT0005921	HUMAN ENDOGENOUS	0
7	CGGGCGUGGUGGUGGGGGUG	RBRBRB	hsa-miR-1268b	nmiR03783.1:1	Hs	MIMAT0018925	HUMAN ENDOGENOUS	0
7	CGGGCGUGGUGGUGGGGG	RBYRGB	hsa-miR-1268a	nmiR03784.1:1	Hs	MIMAT0005922	HUMAN ENDOGENOUS	0
7	CUGGACUGAGCCAUGCUACUGG	GRYRYB	hsa-miR-1269b	nmiR03785.1:1	Hs	MIMAT0019059	HUMAN ENDOGENOUS	0
7	CUGGACUGAGCCGUGCUACUGG	YBGBYB	hsa-miR-1269a	nmiR03786.1:1	Hs	MIMAT0005923	HUMAN ENDOGENOUS	0
7	CUGGAGAUAUGGAAGAGCUGUGU	YRBYGB	hsa-miR-1270	nmiR03787.1:1	Hs	MIMAT0005924	HUMAN ENDOGENOUS	0
7	CUUGGCACCUAGCAAGCACUCA	GBGYBG	hsa-miR-1271-5p	nmiR03788.1:1	Hs	MIMAT0005796	HUMAN ENDOGENOUS	0
7	GAUGAUGAUGGCAGCAAAUUCUGAAA	BYBRBG	hsa-miR-1272	nmiR03789.1:1	Hs	MIMAT0005925	HUMAN ENDOGENOUS	0
7	GGCGACAAAACGAGACCCUGUC	YRBRYG	hsa-miR-1273c	nmiR03790.1:1	Hs	MIMAT0015017	HUMAN ENDOGENOUS	0
7	GAACCCAUGAGGUUGAGGCUGCAGU	BRBYRG	hsa-miR-1273d	nmiR03791.1:1	Hs	MIMAT0015090	HUMAN ENDOGENOUS	0
7	UUGCUUGAACCCAGGAAGUGGA	GBRBGY	hsa-miR-1273e	nmiR03792.1:1	Hs	MIMAT0018079	HUMAN ENDOGENOUS	0
7	GGAGAUGGAGGUUGCAGUG	YGYGBY	hsa-miR-1273f	nmiR03793.1:1	Hs	MIMAT0020601	HUMAN ENDOGENOUS	0
7	GGUGGUUGAGGCUGCAGUAAGU	GBYRBY	hsa-miR-1273g-5p	nmiR03794.1:1	Hs	MIMAT0020602	HUMAN ENDOGENOUS	0
7	GGGCGACAAAGCAAGACUCUUUCUU	RGBYBY	hsa-miR-1273a	nmiR03795.1:1	Hs	MIMAT0005926	HUMAN ENDOGENOUS	0
7	GUGGGGGAGAGGCUGUC	RGBGRY	hsa-miR-1275	nmiR03796.1:1	Hs	MIMAT0005929	HUMAN ENDOGENOUS	0
7	UAAAGAGCCCUGUGGAGACA	RYRYBR	hsa-miR-1276	nmiR03797.1:1	Hs	MIMAT0005930	HUMAN ENDOGENOUS	0
7	UACGUAGAUAUAUAUGUAUUUU	GBYBYR	hsa-miR-1277-3p	nmiR03798.1:1	Hs	MIMAT0005933	HUMAN ENDOGENOUS	0
7	UAGUACUGUGCAUAUCAUCUAU	YBGBGR	hsa-miR-1278	nmiR03799.1:1	Hs	MIMAT0005936	HUMAN ENDOGENOUS	0
7	UCAUAUUGCUUCUUUCU	RBGYGR	hsa-miR-1279	nmiR03800.1:1	Hs	MIMAT0005937	HUMAN ENDOGENOUS	0
7	UCCCACCGCUGCCACCC	GBGRYR	hsa-miR-1280	nmiR03801.1:1	Hs	MIMAT0005946	HUMAN ENDOGENOUS	0
7	UCGCCUCCUCCUCUCCC	RGYBGB	hsa-miR-1281	nmiR03802.1:1	Hs	MIMAT0005939	HUMAN ENDOGENOUS	0
7	UCGUUUGCCUUUUUCUGCUU	YGYRGB	hsa-miR-1282	nmiR03803.1:1	Hs	MIMAT0005940	HUMAN ENDOGENOUS	0
7	UCUAUACAGACCCUGGCUUUUC	BYBRYB	hsa-miR-1284	nmiR03804.1:1	Hs	MIMAT0005941	HUMAN ENDOGENOUS	0
7	UCUGGGCAACAAAGUGAGACCU	YRYBRG	hsa-miR-1285-3p	nmiR03805.1:1	Hs	MIMAT0005876	HUMAN ENDOGENOUS	0
7	UGCAGGACCAAGAUGAGCCCU	BGYGRG	hsa-miR-1286	nmiR03806.1:1	Hs	MIMAT0005877	HUMAN ENDOGENOUS	0
7	UGCUGGAUCAGUGGUUCGAGUC	YGBGBG	hsa-miR-1287	nmiR03807.1:1	Hs	MIMAT0005878	HUMAN ENDOGENOUS	0
7	UGGACUGCCCUGAUCUGGAGA	BGYGBY	hsa-miR-1288	nmiR03808.1:1	Hs	MIMAT0005942	HUMAN ENDOGENOUS	0
7	UGGAGUCCAGGAAUCUGCAUUUU	GRGBRY	hsa-miR-1289	nmiR03809.1:1	Hs	MIMAT0005879	HUMAN ENDOGENOUS	0
7	UGGAUUUUUGGAUCAGGGA	BYBYGY	hsa-miR-1290	nmiR03810.1:1	Hs	MIMAT0005880	HUMAN ENDOGENOUS	0
7	UGGCCCUGACUGAAGACCAGCAGU	GYRGBR	hsa-miR-1291	nmiR03811.1:1	Hs	MIMAT0005881	HUMAN ENDOGENOUS	0
7	UGGGAACGGGUUCCGGCAGACGCUG	YRGYGR	hsa-miR-1292	nmiR03812.1:1	Hs	MIMAT0005943	HUMAN ENDOGENOUS	0
7	UGGGUGGUCUGGAGAUUUGUGC	GBGBGR	hsa-miR-1293	nmiR03813.1:1	Hs	MIMAT0005883	HUMAN ENDOGENOUS	0
7	UGUGAGGUUGGCAUUGUUGUCU	RBRGRB	hsa-miR-1294	nmiR03814.1:1	Hs	MIMAT0005884	HUMAN ENDOGENOUS	0
7	UUAGGCCGCAGAUCUGGGUGA	YRYBGB	hsa-miR-1295a	nmiR03815.1:1	Hs	MIMAT0005885	HUMAN ENDOGENOUS	0
7	UUAGGGCCCUGGCUCCAUCUCC	YBYBRB	hsa-miR-1296	nmiR03816.1:1	Hs	MIMAT0005794	HUMAN ENDOGENOUS	0
7	UUCAAGUAAUUCAGGUG	YGBGYB	hsa-miR-1297	nmiR03817.1:1	Hs	MIMAT0005886	HUMAN ENDOGENOUS	0
7	UUCAUUCGGCUGUCCAGAUGUA	RYBYRB	hsa-miR-1298	nmiR03818.1:1	Hs	MIMAT0005800	HUMAN ENDOGENOUS	0
7	UUCUGGAAUUCUGUGUGAGGGA	YBRBYG	hsa-miR-1299	nmiR03819.1:1	Hs	MIMAT0005887	HUMAN ENDOGENOUS	0
7	UUGCAGCUGCCUGGGAGUGACUUC	YRGYBG	hsa-miR-1301	nmiR03820.1:1	Hs	MIMAT0005797	HUMAN ENDOGENOUS	0
7	UUGGGACAUACUUAUGCUAAA	GRBRYG	hsa-miR-1302	nmiR03821.1:1	Hs	MIMAT0005890	HUMAN ENDOGENOUS	0
7	UUUAGAGACGGGGUCUUGCUCU	GBGRGY	hsa-miR-1303	nmiR03822.1:1	Hs	MIMAT0005891	HUMAN ENDOGENOUS	0
7	UUUGAGGCUACAGUGAGAUGUG	GYBYGY	hsa-miR-1304-5p	nmiR03823.1:1	Hs	MIMAT0005892	HUMAN ENDOGENOUS	0
7	UUUUCAACUCUAAUGGGAGAGA	BYGRBR	hsa-miR-1305	nmiR03824.1:1	Hs	MIMAT0005893	HUMAN ENDOGENOUS	0
7	ACGUUGGCUCUGGUGGUG	YRGRYR	hsa-miR-1306-3p	nmiR03825.1:1	Hs	MIMAT0005950	HUMAN ENDOGENOUS	0
7	ACUCGGCGUGGCGUCGGUCGUG	YGBRGR	hsa-miR-1307-3p	nmiR03826.1:1	Hs	MIMAT0005951	HUMAN ENDOGENOUS	0
7	CAGGGAGGUGAAUGUGAU	RGRBRB	hsa-miR-1321	nmiR03827.1:1	Hs	MIMAT0005952	HUMAN ENDOGENOUS	0
7	GAUGAUGCUGCUGAUGCUG	YGRGRB	hsa-miR-1322	nmiR03828.1:1	Hs	MIMAT0005953	HUMAN ENDOGENOUS	0
7	UCAAAACUGAGGGGCAUUUUCU	BGBGYB	hsa-miR-1323	nmiR03829.1:1	Hs	MIMAT0005795	HUMAN ENDOGENOUS	0
7	CCAGACAGAAUUCUAUGCACUUUC	BYGRYG	hsa-miR-1324	nmiR03830.1:1	Hs	MIMAT0005956	HUMAN ENDOGENOUS	0
7	CUCCGUUUGCCUGUUUCGCUG	GYGYRG	hsa-miR-1468	nmiR03831.1:1	Hs	MIMAT0006789	HUMAN ENDOGENOUS	0
7	CUCGGCGCGGGGCGCGGGCUCC	YBRYRY	hsa-miR-1469	nmiR03832.1:1	Hs	MIMAT0007347	HUMAN ENDOGENOUS	0
7	GCCCUCCGCCCGUGCACCCCG	RBGRGY	hsa-miR-1470	nmiR03833.1:1	Hs	MIMAT0007348	HUMAN ENDOGENOUS	0
7	GCCCGCGUGUGGAGCCAGGUGU	RBYGYR	hsa-miR-1471	nmiR03834.1:1	Hs	MIMAT0007349	HUMAN ENDOGENOUS	0
7	AAAACCGUCUAGUUACAGUUGU	YBYRYR	hsa-miR-1537	nmiR03835.1:1	Hs	MIMAT0007399	HUMAN ENDOGENOUS	0
7	CGGCCCGGGCUGCUGCUGUUCCU	GYGRBR	hsa-miR-1538	nmiR03836.1:1	Hs	MIMAT0007400	HUMAN ENDOGENOUS	0
7	UCCUGCGCGUCCCAGAUGCCC	RBYBRB	hsa-miR-1539	nmiR03837.1:1	Hs	MIMAT0007401	HUMAN ENDOGENOUS	0
7	UCCAGUGCCCUCCUCUCC	BRGBYB	hsa-miR-1825	nmiR03838.1:1	Hs	MIMAT0006765	HUMAN ENDOGENOUS	0
7	UGAGGCAGUAGAUUGAAU	BYRGRY	hsa-miR-1827	nmiR03839.1:1	Hs	MIMAT0006767	HUMAN ENDOGENOUS	0
7	CGGCGGGGACGGCGAUUGGUC	BRYGBY	hsa-miR-1908	nmiR03840.1:1	Hs	MIMAT0007881	HUMAN ENDOGENOUS	0
7	CGCAGGGGCCGGGUGCUCACCG	RGYRBY	hsa-miR-1909-3p	nmiR03841.1:1	Hs	MIMAT0007883	HUMAN ENDOGENOUS	0
7	CCAGUCCUGUGCCUGCCGCCU	YRGRGY	hsa-miR-1910	nmiR03842.1:1	Hs	MIMAT0007884	HUMAN ENDOGENOUS	0
7	UGAGUACCGCCAUGUCUGUUGGG	YGBYGY	hsa-miR-1911-5p	nmiR03843.1:1	Hs	MIMAT0007885	HUMAN ENDOGENOUS	0
7	UACCCAGAGCAUGCAGUGUGAA	RGYBYR	hsa-miR-1912	nmiR03844.1:1	Hs	MIMAT0007887	HUMAN ENDOGENOUS	0
7	UCUGCCCCCUCCGCUGCUGCCA	YGYGYR	hsa-miR-1913	nmiR03845.1:1	Hs	MIMAT0007888	HUMAN ENDOGENOUS	0
7	CCCUGUGCCCGGCCCACUUCUG	RGRGRB	hsa-miR-1914-5p	nmiR03846.1:1	Hs	MIMAT0007889	HUMAN ENDOGENOUS	0
7	CCCCAGGGCGACGCGGCGGG	YGYBRB	hsa-miR-1915-3p	nmiR03847.1:1	Hs	MIMAT0007892	HUMAN ENDOGENOUS	0
7	UCAGGCCAGGCACAGUGGCUCA	RYGYGB	hsa-miR-1972	nmiR03848.1:1	Hs	MIMAT0009447	HUMAN ENDOGENOUS	0
7	ACCGUGCAAAGGUAGCAUA	GRGBYB	hsa-miR-1973	nmiR03849.1:1	Hs	MIMAT0009448	HUMAN ENDOGENOUS	0
7	CCUCCUGCCCUCCUUGCUGU	YGRBYG	hsa-miR-1976	nmiR03850.1:1	Hs	MIMAT0009451	HUMAN ENDOGENOUS	0
7	AUGGAGAAGGCUUCUGA	GRYGRG	hsa-miR-4531	nmiR03851.1:1	Hs	MIMAT0019070	HUMAN ENDOGENOUS	0
7	UGUUUUGAUAACAGUAAUGU	BRBGBG	hsa-miR-2052	nmiR03852.1:1	Hs	MIMAT0009977	HUMAN ENDOGENOUS	0
7	GUGUUAAUUAAACCUCUAUUUAC	RGBRBG	hsa-miR-2053	nmiR03853.1:1	Hs	MIMAT0009978	HUMAN ENDOGENOUS	0
7	CUGUAAUAUAAAUUUAAUUUAUU	RBRYRY	hsa-miR-2054	nmiR03854.1:1	Hs	MIMAT0009979	HUMAN ENDOGENOUS	0
7	UUGGGGAAACGGCCGCUGAGUG	RBYBGY	hsa-miR-2110	nmiR03855.1:1	Hs	MIMAT0010133	HUMAN ENDOGENOUS	0
7	AUUUGUGCUUGGCUCUGUCAC	GYGYBY	hsa-miR-2113	nmiR03856.1:1	Hs	MIMAT0009206	HUMAN ENDOGENOUS	0
7	UAGUCCCUUCCUUGAAGCGGUC	RBRGBR	hsa-miR-2114-5p	nmiR03857.1:1	Hs	MIMAT0011156	HUMAN ENDOGENOUS	0
7	AGCUUCCAUGACUCCUGAUGGA	YRYBYR	hsa-miR-2115-5p	nmiR03858.1:1	Hs	MIMAT0011158	HUMAN ENDOGENOUS	0
7	UGUUCUCUUUGCCAAGGACAG	RGBRYB	hsa-miR-2117	nmiR03859.1:1	Hs	MIMAT0011162	HUMAN ENDOGENOUS	0
7	UCUGCAAGUGUCAGAGGCGAGG	GYRYBG	hsa-miR-2276	nmiR03860.1:1	Hs	MIMAT0011775	HUMAN ENDOGENOUS	0
7	UGACAGCGCCCUGCCUGGCUC	BGRBYG	hsa-miR-2277-3p	nmiR03861.1:1	Hs	MIMAT0011777	HUMAN ENDOGENOUS	0
7	AGCGCGGGCUGAGCGCUGCCAGUC	YBGRYG	hsa-miR-2277-5p	nmiR03862.1:1	Hs	MIMAT0017352	HUMAN ENDOGENOUS	0
7	GAGAGCAGUGUGUGUUGCCUGG	GRBGBG	hsa-miR-2278	nmiR03863.1:1	Hs	MIMAT0011778	HUMAN ENDOGENOUS	0
7	CAGGCAGUGACUGUUCAGACGUC	YGRYRY	hsa-miR-2682-5p	nmiR03864.1:1	Hs	MIMAT0013517	HUMAN ENDOGENOUS	0
7	CAGAGAAUUGUUUAAUC	RYRYGR	hsa-miR-3123	nmiR03865.1:1	Hs	MIMAT0014985	HUMAN ENDOGENOUS	0
7	AUCAGGGCUUGUGGAAUGGGAAG	GYBYBR	hsa-miR-3127-5p	nmiR03866.1:1	Hs	MIMAT0014990	HUMAN ENDOGENOUS	0
7	UCGAGGACUGGUGGAAGGGCCUU	RYGBGB	hsa-miR-3131	nmiR03867.1:1	Hs	MIMAT0014996	HUMAN ENDOGENOUS	0
7	CUGACUGAAUAGGUAGGGUCAUU	BRBYRB	hsa-miR-3136-5p	nmiR03868.1:1	Hs	MIMAT0015003	HUMAN ENDOGENOUS	0
7	GAGGGCGGGUGGAGGAGGA	BYRGBG	hsa-miR-3141	nmiR03869.1:1	Hs	MIMAT0015010	HUMAN ENDOGENOUS	0
7	AGGGGACCAAAGAGAUAUAUAG	YBGBRG	hsa-miR-3144-5p	nmiR03870.1:1	Hs	MIMAT0015014	HUMAN ENDOGENOUS	0
7	GGUUGGGCAGUGAGGAGGGUGUGA	RBGYRG	hsa-miR-3147	nmiR03871.1:1	Hs	MIMAT0015019	HUMAN ENDOGENOUS	0
7	GGUGGGGCAAUGGGAUCAGGU	GRYRBY	hsa-miR-3151	nmiR03872.1:1	Hs	MIMAT0015024	HUMAN ENDOGENOUS	0
7	CAGAAGGGGAGUUGGGAGCAGA	YRBYGY	hsa-miR-3154	nmiR03873.1:1	Hs	MIMAT0015028	HUMAN ENDOGENOUS	0
7	CUGAUAAGAACAGAGGCCCAGAU	YBYGBR	hsa-miR-3161	nmiR03874.1:1	Hs	MIMAT0015035	HUMAN ENDOGENOUS	0
7	UGUGACUUUAAGGGAAAUGGCG	RYRBYB	hsa-miR-3164	nmiR03875.1:1	Hs	MIMAT0015038	HUMAN ENDOGENOUS	0
7	GAGUUCUACAGUCAGAC	BYRGYB	hsa-miR-3168	nmiR03876.1:1	Hs	MIMAT0015043	HUMAN ENDOGENOUS	0
7	CGGGGAGAGAACGCAGUGACGU	BGYGRB	hsa-miR-3175	nmiR03877.1:1	Hs	MIMAT0015052	HUMAN ENDOGENOUS	0
7	GGGGCGCGGCCGGAUCG	GBRGRY	hsa-miR-3178	nmiR03878.1:1	Hs	MIMAT0015055	HUMAN ENDOGENOUS	0
7	UGGGGCGGAGCUUCCGGAGGCC	RYBGBY	hsa-miR-3180-3p	nmiR03879.1:1	Hs	MIMAT0015058	HUMAN ENDOGENOUS	0
7	CUUCCAGACGCUCCGCCCCACGUCG	GYBYRY	hsa-miR-3180-5p	nmiR03880.1:1	Hs	MIMAT0015057	HUMAN ENDOGENOUS	0
7	UGGGGCGGAGCUUCCGGAG	RGRGBR	hsa-miR-3180	nmiR03881.1:1	Hs	MIMAT0018178	HUMAN ENDOGENOUS	0
7	GCUUCUGUAGUGUAGUC	BRYGYR	hsa-miR-3182	nmiR03882.1:1	Hs	MIMAT0015062	HUMAN ENDOGENOUS	0
7	UGAGGGGCCUCAGACCGAGCUUUU	GRBRYB	hsa-miR-3184-5p	nmiR03883.1:1	Hs	MIMAT0015064	HUMAN ENDOGENOUS	0
7	AGAAGAAGGCGGUCGGUCUGCGG	RGRGYG	hsa-miR-3185	nmiR03884.1:1	Hs	MIMAT0015065	HUMAN ENDOGENOUS	0
7	UUGGCCAUGGGGCUGCGCGG	BRGYRG	hsa-miR-3187-3p	nmiR03885.1:1	Hs	MIMAT0015069	HUMAN ENDOGENOUS	0
7	UGUGGAAGGUAGACGGCCAGAGA	BGRBRY	hsa-miR-3190-5p	nmiR03886.1:1	Hs	MIMAT0015073	HUMAN ENDOGENOUS	0
7	UCUGGGAGGUUGUAGCAGUGGAA	YRYBGY	hsa-miR-3192	nmiR03887.1:1	Hs	MIMAT0015076	HUMAN ENDOGENOUS	0
7	CCCCGGGGAGCCCGGCG	RBRYGR	hsa-miR-4532	nmiR03888.1:1	Hs	MIMAT0019071	HUMAN ENDOGENOUS	0
7	CGCGCCGGGCCCGGGUU	GYGYRB	hsa-miR-3195	nmiR03889.1:1	Hs	MIMAT0015079	HUMAN ENDOGENOUS	0
7	CGGGGCGGCAGGGGCCUC	RBRYBG	hsa-miR-3196	nmiR03890.1:1	Hs	MIMAT0015080	HUMAN ENDOGENOUS	0
7	CACCUUGCGCUACUCAGGUCUG	RBYGYG	hsa-miR-3200-3p	nmiR03891.1:1	Hs	MIMAT0015085	HUMAN ENDOGENOUS	0
7	UGAGGAUGGAUAGCAAGGAAGCC	BGBGRG	hsa-miR-3605-5p	nmiR03892.1:1	Hs	MIMAT0017981	HUMAN ENDOGENOUS	0
7	CCACUUGGAUCUGAAGGCUGCCC	RGYRGY	hsa-miR-3614-5p	nmiR03893.1:1	Hs	MIMAT0017992	HUMAN ENDOGENOUS	0
7	CCGUGUUUCCCCCACGCUUU	YRGYBY	hsa-miR-3676-3p	nmiR03894.1:1	Hs	MIMAT0018100	HUMAN ENDOGENOUS	0
7	ACCUGGACCCAGCGUAGACAAAG	RGBYBR	hsa-miR-3690	nmiR03895.1:1	Hs	MIMAT0018119	HUMAN ENDOGENOUS	0
7	GGAGGAACCUUGGAGCUUCGGC	GBRGBG	hsa-miR-3928	nmiR03896.1:1	Hs	MIMAT0018205	HUMAN ENDOGENOUS	0
7	UCAGGUGUGGAAACUGAGGCAG	RGYBYG	hsa-miR-3934	nmiR03897.1:1	Hs	MIMAT0018349	HUMAN ENDOGENOUS	0
7	GGGCUCACAUCACCCCAU	GRGRYG	hsa-miR-4284	nmiR03898.1:1	Hs	MIMAT0016915	HUMAN ENDOGENOUS	0
7	ACCCCACUCCUGGUACC	GRYRYR	hsa-miR-4286	nmiR03899.1:1	Hs	MIMAT0016916	HUMAN ENDOGENOUS	0
7	ACCUGUCUGUGGAAAGGAGCUA	RGBRGB	hsa-miR-4421	nmiR03900.1:1	Hs	MIMAT0018934	HUMAN ENDOGENOUS	0
7	UGUUGGGAUUCAGCAGGACCAU	GRGBRG	hsa-miR-4425	nmiR03901.1:1	Hs	MIMAT0018940	HUMAN ENDOGENOUS	0
7	GCGACUCUGAAAACUAGAAGGU	BYBYBG	hsa-miR-4431	nmiR03902.1:1	Hs	MIMAT0018947	HUMAN ENDOGENOUS	0
7	AUGGCCAGAGCUCACACAGAGG	GBGRGR	hsa-miR-4435	nmiR03903.1:1	Hs	MIMAT0018951	HUMAN ENDOGENOUS	0
7	UUGGAGGCGUGGGUUUU	GYRYGB	hsa-miR-4443	nmiR03904.1:1	Hs	MIMAT0018961	HUMAN ENDOGENOUS	0
7	GGCUCCUUGGUCUAGGGGUA	RGRYBG	hsa-miR-4448	nmiR03905.1:1	Hs	MIMAT0018967	HUMAN ENDOGENOUS	0
7	UGGUAGAGCUGAGGACA	YRBYRY	hsa-miR-4451	nmiR03906.1:1	Hs	MIMAT0018973	HUMAN ENDOGENOUS	0
7	GGAUCCGAGUCACGGCACCA	RBGYRB	hsa-miR-4454	nmiR03907.1:1	Hs	MIMAT0018976	HUMAN ENDOGENOUS	0
7	AGGGUGUGUGUGUUUUU	YGYGRY	hsa-miR-4455	nmiR03908.1:1	Hs	MIMAT0018977	HUMAN ENDOGENOUS	0
7	AGAGGUAGGUGUGGAAGAA	BGRGYB	hsa-miR-4458	nmiR03909.1:1	Hs	MIMAT0018980	HUMAN ENDOGENOUS	0
7	GAUUGAGACUAGUAGGGCUAGGC	RYBGRB	hsa-miR-4461	nmiR03910.1:1	Hs	MIMAT0018983	HUMAN ENDOGENOUS	0
7	AAAAGGCGGGAGAAGCCCCA	YBRBRG	hsa-miR-4484	nmiR03911.1:1	Hs	MIMAT0019018	HUMAN ENDOGENOUS	0
